--
-- PostgreSQL database dump
--

-- Dumped from database version 9.1.4
-- Dumped by pg_dump version 9.1.4
-- Started on 2012-07-19 19:41:26

SET statement_timeout = 0;
SET client_encoding = 'UTF8';
SET standard_conforming_strings = on;
SET check_function_bodies = false;
SET client_min_messages = warning;

--
-- TOC entry 249 (class 3079 OID 11639)
-- Name: plpgsql; Type: EXTENSION; Schema: -; Owner: 
--

CREATE EXTENSION IF NOT EXISTS plpgsql WITH SCHEMA pg_catalog;


--
-- TOC entry 2534 (class 0 OID 0)
-- Dependencies: 249
-- Name: EXTENSION plpgsql; Type: COMMENT; Schema: -; Owner: 
--

COMMENT ON EXTENSION plpgsql IS 'PL/pgSQL procedural language';


SET search_path = public, pg_catalog;

--
-- TOC entry 570 (class 1247 OID 16394)
-- Dependencies: 6
-- Name: dbooleano; Type: DOMAIN; Schema: public; Owner: postgres
--

CREATE DOMAIN dbooleano AS boolean NOT NULL;


ALTER DOMAIN public.dbooleano OWNER TO postgres;

--
-- TOC entry 571 (class 1247 OID 16395)
-- Dependencies: 6
-- Name: dbooleano2; Type: DOMAIN; Schema: public; Owner: postgres
--

CREATE DOMAIN dbooleano2 AS boolean DEFAULT false;


ALTER DOMAIN public.dbooleano2 OWNER TO postgres;

--
-- TOC entry 572 (class 1247 OID 16396)
-- Dependencies: 6
-- Name: dbooleano3; Type: DOMAIN; Schema: public; Owner: postgres
--

CREATE DOMAIN dbooleano3 AS boolean DEFAULT true;


ALTER DOMAIN public.dbooleano3 OWNER TO postgres;

--
-- TOC entry 573 (class 1247 OID 16397)
-- Dependencies: 6
-- Name: dentero; Type: DOMAIN; Schema: public; Owner: postgres
--

CREATE DOMAIN dentero AS integer NOT NULL;


ALTER DOMAIN public.dentero OWNER TO postgres;

--
-- TOC entry 574 (class 1247 OID 16398)
-- Dependencies: 6
-- Name: dentero2; Type: DOMAIN; Schema: public; Owner: postgres
--

CREATE DOMAIN dentero2 AS integer DEFAULT (-1000000);


ALTER DOMAIN public.dentero2 OWNER TO postgres;

--
-- TOC entry 575 (class 1247 OID 16399)
-- Dependencies: 6
-- Name: dentero3; Type: DOMAIN; Schema: public; Owner: postgres
--

CREATE DOMAIN dentero3 AS integer;


ALTER DOMAIN public.dentero3 OWNER TO postgres;

--
-- TOC entry 576 (class 1247 OID 16400)
-- Dependencies: 6
-- Name: dentero4; Type: DOMAIN; Schema: public; Owner: postgres
--

CREATE DOMAIN dentero4 AS integer DEFAULT 0;


ALTER DOMAIN public.dentero4 OWNER TO postgres;

--
-- TOC entry 577 (class 1247 OID 16401)
-- Dependencies: 6
-- Name: dfec_modificacion; Type: DOMAIN; Schema: public; Owner: postgres
--

CREATE DOMAIN dfec_modificacion AS timestamp without time zone DEFAULT now();


ALTER DOMAIN public.dfec_modificacion OWNER TO postgres;

--
-- TOC entry 578 (class 1247 OID 16402)
-- Dependencies: 6
-- Name: dfecha; Type: DOMAIN; Schema: public; Owner: postgres
--

CREATE DOMAIN dfecha AS date NOT NULL;


ALTER DOMAIN public.dfecha OWNER TO postgres;

--
-- TOC entry 579 (class 1247 OID 16403)
-- Dependencies: 6
-- Name: dfecha2; Type: DOMAIN; Schema: public; Owner: postgres
--

CREATE DOMAIN dfecha2 AS date DEFAULT '1000-01-01'::date;


ALTER DOMAIN public.dfecha2 OWNER TO postgres;

--
-- TOC entry 580 (class 1247 OID 16404)
-- Dependencies: 6
-- Name: dhora; Type: DOMAIN; Schema: public; Owner: postgres
--

CREATE DOMAIN dhora AS time without time zone NOT NULL;


ALTER DOMAIN public.dhora OWNER TO postgres;

--
-- TOC entry 581 (class 1247 OID 16405)
-- Dependencies: 6
-- Name: dhora2; Type: DOMAIN; Schema: public; Owner: postgres
--

CREATE DOMAIN dhora2 AS time without time zone DEFAULT now();


ALTER DOMAIN public.dhora2 OWNER TO postgres;

--
-- TOC entry 582 (class 1247 OID 16406)
-- Dependencies: 6
-- Name: did_estado; Type: DOMAIN; Schema: public; Owner: postgres
--

CREATE DOMAIN did_estado AS text;


ALTER DOMAIN public.did_estado OWNER TO postgres;

--
-- TOC entry 583 (class 1247 OID 16407)
-- Dependencies: 6
-- Name: did_usuario; Type: DOMAIN; Schema: public; Owner: postgres
--

CREATE DOMAIN did_usuario AS integer NOT NULL;


ALTER DOMAIN public.did_usuario OWNER TO postgres;

--
-- TOC entry 584 (class 1247 OID 16408)
-- Dependencies: 6
-- Name: dmoneda; Type: DOMAIN; Schema: public; Owner: postgres
--

CREATE DOMAIN dmoneda AS numeric(15,2) NOT NULL;


ALTER DOMAIN public.dmoneda OWNER TO postgres;

--
-- TOC entry 585 (class 1247 OID 16409)
-- Dependencies: 6
-- Name: dmoneda2; Type: DOMAIN; Schema: public; Owner: postgres
--

CREATE DOMAIN dmoneda2 AS numeric(15,2) DEFAULT 0.00;


ALTER DOMAIN public.dmoneda2 OWNER TO postgres;

--
-- TOC entry 586 (class 1247 OID 16410)
-- Dependencies: 6
-- Name: dmoneda3; Type: DOMAIN; Schema: public; Owner: postgres
--

CREATE DOMAIN dmoneda3 AS numeric(20,6) DEFAULT 0.0;


ALTER DOMAIN public.dmoneda3 OWNER TO postgres;

--
-- TOC entry 587 (class 1247 OID 16411)
-- Dependencies: 6
-- Name: dnota; Type: DOMAIN; Schema: public; Owner: postgres
--

CREATE DOMAIN dnota AS numeric(10,7) NOT NULL;


ALTER DOMAIN public.dnota OWNER TO postgres;

--
-- TOC entry 588 (class 1247 OID 16412)
-- Dependencies: 6
-- Name: dnota2; Type: DOMAIN; Schema: public; Owner: postgres
--

CREATE DOMAIN dnota2 AS numeric(10,7) DEFAULT 0.00;


ALTER DOMAIN public.dnota2 OWNER TO postgres;

--
-- TOC entry 589 (class 1247 OID 16413)
-- Dependencies: 6
-- Name: dreal; Type: DOMAIN; Schema: public; Owner: postgres
--

CREATE DOMAIN dreal AS double precision NOT NULL;


ALTER DOMAIN public.dreal OWNER TO postgres;

--
-- TOC entry 590 (class 1247 OID 16414)
-- Dependencies: 6
-- Name: dreal2; Type: DOMAIN; Schema: public; Owner: postgres
--

CREATE DOMAIN dreal2 AS double precision DEFAULT (-1000000.0);


ALTER DOMAIN public.dreal2 OWNER TO postgres;

--
-- TOC entry 591 (class 1247 OID 16415)
-- Dependencies: 6
-- Name: dreal3; Type: DOMAIN; Schema: public; Owner: postgres
--

CREATE DOMAIN dreal3 AS double precision DEFAULT 0.00;


ALTER DOMAIN public.dreal3 OWNER TO postgres;

--
-- TOC entry 592 (class 1247 OID 16416)
-- Dependencies: 6
-- Name: dtexto; Type: DOMAIN; Schema: public; Owner: postgres
--

CREATE DOMAIN dtexto AS text NOT NULL;


ALTER DOMAIN public.dtexto OWNER TO postgres;

--
-- TOC entry 593 (class 1247 OID 16417)
-- Dependencies: 6
-- Name: dtexto2; Type: DOMAIN; Schema: public; Owner: postgres
--

CREATE DOMAIN dtexto2 AS text DEFAULT ''::text;


ALTER DOMAIN public.dtexto2 OWNER TO postgres;

SET default_tablespace = '';

SET default_with_oids = false;

--
-- TOC entry 161 (class 1259 OID 16418)
-- Dependencies: 2192 577 6 583 577 582
-- Name: emp_cargos; Type: TABLE; Schema: public; Owner: postgres; Tablespace: 
--

CREATE TABLE emp_cargos (
    id_cargo integer NOT NULL,
    cargo character varying,
    fec_registro dfec_modificacion,
    estado did_estado DEFAULT 'A'::text,
    fec_modificacion dfec_modificacion,
    ult_usuario did_usuario
);


ALTER TABLE public.emp_cargos OWNER TO postgres;

--
-- TOC entry 162 (class 1259 OID 16425)
-- Dependencies: 6 161
-- Name: cargos_id_cargo_seq; Type: SEQUENCE; Schema: public; Owner: postgres
--

CREATE SEQUENCE cargos_id_cargo_seq
    START WITH 1
    INCREMENT BY 1
    NO MINVALUE
    NO MAXVALUE
    CACHE 1;


ALTER TABLE public.cargos_id_cargo_seq OWNER TO postgres;

--
-- TOC entry 2535 (class 0 OID 0)
-- Dependencies: 162
-- Name: cargos_id_cargo_seq; Type: SEQUENCE OWNED BY; Schema: public; Owner: postgres
--

ALTER SEQUENCE cargos_id_cargo_seq OWNED BY emp_cargos.id_cargo;


--
-- TOC entry 2536 (class 0 OID 0)
-- Dependencies: 162
-- Name: cargos_id_cargo_seq; Type: SEQUENCE SET; Schema: public; Owner: postgres
--

SELECT pg_catalog.setval('cargos_id_cargo_seq', 11, true);


--
-- TOC entry 163 (class 1259 OID 16427)
-- Dependencies: 2194 2195 583 582 577 577 6
-- Name: categorias_enlaces; Type: TABLE; Schema: public; Owner: postgres; Tablespace: 
--

CREATE TABLE categorias_enlaces (
    id_categoria integer NOT NULL,
    categoria_enlace character varying(30),
    orden integer DEFAULT 0,
    estado did_estado DEFAULT 'A'::text,
    fec_registro dfec_modificacion,
    fec_modificacion dfec_modificacion,
    ult_usuario did_usuario
);


ALTER TABLE public.categorias_enlaces OWNER TO postgres;

--
-- TOC entry 164 (class 1259 OID 16435)
-- Dependencies: 163 6
-- Name: categorias_enlaces_id_categoria_seq; Type: SEQUENCE; Schema: public; Owner: postgres
--

CREATE SEQUENCE categorias_enlaces_id_categoria_seq
    START WITH 1
    INCREMENT BY 1
    NO MINVALUE
    NO MAXVALUE
    CACHE 1;


ALTER TABLE public.categorias_enlaces_id_categoria_seq OWNER TO postgres;

--
-- TOC entry 2537 (class 0 OID 0)
-- Dependencies: 164
-- Name: categorias_enlaces_id_categoria_seq; Type: SEQUENCE OWNED BY; Schema: public; Owner: postgres
--

ALTER SEQUENCE categorias_enlaces_id_categoria_seq OWNED BY categorias_enlaces.id_categoria;


--
-- TOC entry 2538 (class 0 OID 0)
-- Dependencies: 164
-- Name: categorias_enlaces_id_categoria_seq; Type: SEQUENCE SET; Schema: public; Owner: postgres
--

SELECT pg_catalog.setval('categorias_enlaces_id_categoria_seq', 3, true);


--
-- TOC entry 165 (class 1259 OID 16437)
-- Dependencies: 2197 577 582 583 6 577
-- Name: emp_cursos_capacitaciones; Type: TABLE; Schema: public; Owner: postgres; Tablespace: 
--

CREATE TABLE emp_cursos_capacitaciones (
    id_curso_capacitacion integer NOT NULL,
    curso_capacitacion text,
    fec_registro dfec_modificacion,
    fec_modificacion dfec_modificacion,
    estado did_estado DEFAULT 'A'::text,
    ult_usuario did_usuario
);


ALTER TABLE public.emp_cursos_capacitaciones OWNER TO postgres;

--
-- TOC entry 166 (class 1259 OID 16444)
-- Dependencies: 165 6
-- Name: cursos_capacitaciones_id_curso_capacitacion_seq; Type: SEQUENCE; Schema: public; Owner: postgres
--

CREATE SEQUENCE cursos_capacitaciones_id_curso_capacitacion_seq
    START WITH 1
    INCREMENT BY 1
    NO MINVALUE
    NO MAXVALUE
    CACHE 1;


ALTER TABLE public.cursos_capacitaciones_id_curso_capacitacion_seq OWNER TO postgres;

--
-- TOC entry 2539 (class 0 OID 0)
-- Dependencies: 166
-- Name: cursos_capacitaciones_id_curso_capacitacion_seq; Type: SEQUENCE OWNED BY; Schema: public; Owner: postgres
--

ALTER SEQUENCE cursos_capacitaciones_id_curso_capacitacion_seq OWNED BY emp_cursos_capacitaciones.id_curso_capacitacion;


--
-- TOC entry 2540 (class 0 OID 0)
-- Dependencies: 166
-- Name: cursos_capacitaciones_id_curso_capacitacion_seq; Type: SEQUENCE SET; Schema: public; Owner: postgres
--

SELECT pg_catalog.setval('cursos_capacitaciones_id_curso_capacitacion_seq', 3, true);


--
-- TOC entry 167 (class 1259 OID 16446)
-- Dependencies: 2199 582 577 577 6
-- Name: departamentos; Type: TABLE; Schema: public; Owner: postgres; Tablespace: 
--

CREATE TABLE departamentos (
    id_departamento integer NOT NULL,
    departamento character varying NOT NULL,
    fec_registro dfec_modificacion,
    id_pais integer NOT NULL,
    sigla character varying(10) NOT NULL,
    fec_modificacion dfec_modificacion,
    ult_usuario integer,
    estado did_estado DEFAULT 'A'::text
);


ALTER TABLE public.departamentos OWNER TO postgres;

--
-- TOC entry 168 (class 1259 OID 16453)
-- Dependencies: 2201 2202 582 577 577 6 583
-- Name: emp_competencias; Type: TABLE; Schema: public; Owner: postgres; Tablespace: 
--

CREATE TABLE emp_competencias (
    id_competencia integer DEFAULT nextval(('public.emp_competencias_id_competencia_seq'::text)::regclass) NOT NULL,
    competencia character varying,
    id_tipo_competencia integer,
    fec_registro dfec_modificacion,
    fec_modificacion dfec_modificacion,
    estado did_estado DEFAULT 'A'::text,
    ult_usuario did_usuario
);


ALTER TABLE public.emp_competencias OWNER TO postgres;

--
-- TOC entry 169 (class 1259 OID 16461)
-- Dependencies: 6
-- Name: emp_competencias_id_competencia_seq; Type: SEQUENCE; Schema: public; Owner: postgres
--

CREATE SEQUENCE emp_competencias_id_competencia_seq
    START WITH 1
    INCREMENT BY 1
    NO MINVALUE
    MAXVALUE 2147483647
    CACHE 1;


ALTER TABLE public.emp_competencias_id_competencia_seq OWNER TO postgres;

--
-- TOC entry 2541 (class 0 OID 0)
-- Dependencies: 169
-- Name: emp_competencias_id_competencia_seq; Type: SEQUENCE SET; Schema: public; Owner: postgres
--

SELECT pg_catalog.setval('emp_competencias_id_competencia_seq', 2, true);


--
-- TOC entry 170 (class 1259 OID 16463)
-- Dependencies: 2203 577 577 583 582 6
-- Name: emp_detalles_competencias; Type: TABLE; Schema: public; Owner: postgres; Tablespace: 
--

CREATE TABLE emp_detalles_competencias (
    id_empleado integer,
    id_competencia integer,
    fecha date,
    id_institucion integer,
    estado did_estado DEFAULT 'A'::text,
    fec_registro dfec_modificacion,
    fec_modificacion dfec_modificacion,
    ult_usuario did_usuario
);


ALTER TABLE public.emp_detalles_competencias OWNER TO postgres;

--
-- TOC entry 171 (class 1259 OID 16470)
-- Dependencies: 2204 577 6 583 582 577
-- Name: emp_empadronadores; Type: TABLE; Schema: public; Owner: postgres; Tablespace: 
--

CREATE TABLE emp_empadronadores (
    id_empadronador integer NOT NULL,
    fec_registro dfec_modificacion,
    id_persona integer,
    estado did_estado DEFAULT 'A'::text,
    fec_modificacion dfec_modificacion,
    ult_usuario did_usuario
);


ALTER TABLE public.emp_empadronadores OWNER TO postgres;

--
-- TOC entry 172 (class 1259 OID 16477)
-- Dependencies: 2206 6 583 577 577 582
-- Name: emp_empleadores; Type: TABLE; Schema: public; Owner: postgres; Tablespace: 
--

CREATE TABLE emp_empleadores (
    id_empleador integer NOT NULL,
    firma character varying,
    id_persona integer,
    id_empresa integer,
    estado did_estado DEFAULT 'A'::text,
    fec_registro dfec_modificacion,
    fec_modificacion dfec_modificacion,
    ult_usuario did_usuario
);


ALTER TABLE public.emp_empleadores OWNER TO postgres;

--
-- TOC entry 173 (class 1259 OID 16484)
-- Dependencies: 2208 2209 577 6 593 593 583 577 582
-- Name: emp_empleados; Type: TABLE; Schema: public; Owner: postgres; Tablespace: 
--

CREATE TABLE emp_empleados (
    id_empleado integer NOT NULL,
    firma character varying,
    id_persona integer NOT NULL,
    nit text,
    estado did_estado DEFAULT 'A'::text,
    fec_registro dfec_modificacion,
    fec_modificacion dfec_modificacion,
    ult_usuario did_usuario,
    foto dtexto2,
    pagina_web dtexto2,
    estado_laboral character(2) DEFAULT 'ST'::bpchar
);


ALTER TABLE public.emp_empleados OWNER TO postgres;

--
-- TOC entry 174 (class 1259 OID 16492)
-- Dependencies: 2211 6 582 577 577 583
-- Name: emp_empleados_empresas; Type: TABLE; Schema: public; Owner: postgres; Tablespace: 
--

CREATE TABLE emp_empleados_empresas (
    id_empleado integer,
    id_empresa integer,
    id_cargo integer,
    id_nivel_frm integer,
    salario numeric(8,2),
    estado did_estado DEFAULT 'A'::text,
    fec_registro dfec_modificacion,
    fec_modificacion dfec_modificacion,
    ult_usuario did_usuario
);


ALTER TABLE public.emp_empleados_empresas OWNER TO postgres;

--
-- TOC entry 175 (class 1259 OID 16499)
-- Dependencies: 2212 583 577 577 582 6
-- Name: emp_empresas; Type: TABLE; Schema: public; Owner: postgres; Tablespace: 
--

CREATE TABLE emp_empresas (
    id_empresa integer NOT NULL,
    fec_registro dfec_modificacion,
    fec_modificacion dfec_modificacion,
    estado did_estado DEFAULT 'A'::text,
    ult_usuario did_usuario,
    logo character varying
);


ALTER TABLE public.emp_empresas OWNER TO postgres;

--
-- TOC entry 176 (class 1259 OID 16506)
-- Dependencies: 2214 583 577 582 577 6
-- Name: emp_establecimientos; Type: TABLE; Schema: public; Owner: postgres; Tablespace: 
--

CREATE TABLE emp_establecimientos (
    id_establecimiento integer NOT NULL,
    establecimiento character varying,
    sigla character varying(30),
    fec_registro dfec_modificacion,
    estado did_estado DEFAULT 'A'::text,
    id_tipo_est integer,
    fec_modificacion dfec_modificacion,
    ult_usuario did_usuario
);


ALTER TABLE public.emp_establecimientos OWNER TO postgres;

--
-- TOC entry 177 (class 1259 OID 16513)
-- Dependencies: 2216 583 577 582 577 6
-- Name: emp_estudios_empleados; Type: TABLE; Schema: public; Owner: postgres; Tablespace: 
--

CREATE TABLE emp_estudios_empleados (
    id_empleado integer,
    id_nivel_frm integer,
    id_establecimiento integer,
    titulo_obtenido character varying,
    tiempo_estudio character varying,
    fec_registro dfec_modificacion,
    estado did_estado DEFAULT 'A'::text,
    fec_modificacion dfec_modificacion,
    ult_usuario did_usuario
);


ALTER TABLE public.emp_estudios_empleados OWNER TO postgres;

--
-- TOC entry 178 (class 1259 OID 16520)
-- Dependencies: 2217 577 582 583 6 577
-- Name: emp_experiencias_laborales; Type: TABLE; Schema: public; Owner: postgres; Tablespace: 
--

CREATE TABLE emp_experiencias_laborales (
    id_empleado integer,
    id_empresa integer,
    id_cargo integer,
    tiempo_trabajo double precision,
    fec_registro dfec_modificacion,
    fec_modificacion dfec_modificacion,
    estado did_estado DEFAULT 'A'::text,
    ult_usuario did_usuario
);


ALTER TABLE public.emp_experiencias_laborales OWNER TO postgres;

--
-- TOC entry 179 (class 1259 OID 16527)
-- Dependencies: 2218 577 577 582 583 6
-- Name: emp_formularios; Type: TABLE; Schema: public; Owner: postgres; Tablespace: 
--

CREATE TABLE emp_formularios (
    id_formulario integer NOT NULL,
    gestion integer,
    fec_registro dfec_modificacion,
    fec_modificacion dfec_modificacion,
    estado did_estado DEFAULT 'A'::text,
    id_tipo integer,
    id_persona integer,
    id_empadronador integer,
    observacion text,
    ult_usuario did_usuario,
    nro_formulario integer NOT NULL,
    serie character varying(100),
    req_contratacion text
);


ALTER TABLE public.emp_formularios OWNER TO postgres;

--
-- TOC entry 2542 (class 0 OID 0)
-- Dependencies: 179
-- Name: COLUMN emp_formularios.id_persona; Type: COMMENT; Schema: public; Owner: postgres
--

COMMENT ON COLUMN emp_formularios.id_persona IS 'representa identificador de la persona';


--
-- TOC entry 180 (class 1259 OID 16534)
-- Dependencies: 6 179
-- Name: emp_formularios_nro_formulario_seq; Type: SEQUENCE; Schema: public; Owner: postgres
--

CREATE SEQUENCE emp_formularios_nro_formulario_seq
    START WITH 1
    INCREMENT BY 1
    NO MINVALUE
    NO MAXVALUE
    CACHE 1;


ALTER TABLE public.emp_formularios_nro_formulario_seq OWNER TO postgres;

--
-- TOC entry 2543 (class 0 OID 0)
-- Dependencies: 180
-- Name: emp_formularios_nro_formulario_seq; Type: SEQUENCE OWNED BY; Schema: public; Owner: postgres
--

ALTER SEQUENCE emp_formularios_nro_formulario_seq OWNED BY emp_formularios.nro_formulario;


--
-- TOC entry 2544 (class 0 OID 0)
-- Dependencies: 180
-- Name: emp_formularios_nro_formulario_seq; Type: SEQUENCE SET; Schema: public; Owner: postgres
--

SELECT pg_catalog.setval('emp_formularios_nro_formulario_seq', 5, true);


--
-- TOC entry 181 (class 1259 OID 16536)
-- Dependencies: 2221 577 582 583 577 6
-- Name: emp_frm_cargos; Type: TABLE; Schema: public; Owner: postgres; Tablespace: 
--

CREATE TABLE emp_frm_cargos (
    id_formulario integer,
    id_cargo integer,
    fec_registro dfec_modificacion,
    fec_modificacion dfec_modificacion,
    estado did_estado DEFAULT 'A'::text,
    ult_usuario did_usuario
);


ALTER TABLE public.emp_frm_cargos OWNER TO postgres;

--
-- TOC entry 182 (class 1259 OID 16543)
-- Dependencies: 2222 6 577 577 582 583
-- Name: emp_frm_cursos_capacitaciones; Type: TABLE; Schema: public; Owner: postgres; Tablespace: 
--

CREATE TABLE emp_frm_cursos_capacitaciones (
    id_curso_capacitacion integer NOT NULL,
    id_formulario integer NOT NULL,
    fec_registro dfec_modificacion,
    fec_modificacion dfec_modificacion,
    estado did_estado DEFAULT 'A'::text,
    ult_usuario did_usuario
);


ALTER TABLE public.emp_frm_cursos_capacitaciones OWNER TO postgres;

--
-- TOC entry 183 (class 1259 OID 16550)
-- Dependencies: 2223 582 6 577 583 577
-- Name: emp_frm_niveles_establecimientos; Type: TABLE; Schema: public; Owner: postgres; Tablespace: 
--

CREATE TABLE emp_frm_niveles_establecimientos (
    id_nivel_formacion integer,
    id_establecimiento integer,
    fec_registro dfec_modificacion,
    fec_modificacion dfec_modificacion,
    estado did_estado DEFAULT 'A'::text,
    ult_usuario did_usuario
);


ALTER TABLE public.emp_frm_niveles_establecimientos OWNER TO postgres;

--
-- TOC entry 184 (class 1259 OID 16557)
-- Dependencies: 2224 6 583 582 577 577
-- Name: emp_frm_titulos; Type: TABLE; Schema: public; Owner: postgres; Tablespace: 
--

CREATE TABLE emp_frm_titulos (
    id_formulario integer,
    id_titulo integer,
    fec_registro dfec_modificacion,
    fec_modificacion dfec_modificacion,
    estado did_estado DEFAULT 'A'::text,
    ult_usuario did_usuario
);


ALTER TABLE public.emp_frm_titulos OWNER TO postgres;

--
-- TOC entry 185 (class 1259 OID 16564)
-- Dependencies: 2225 6 583 582 577 577
-- Name: emp_instituciones; Type: TABLE; Schema: public; Owner: postgres; Tablespace: 
--

CREATE TABLE emp_instituciones (
    id_institucion integer NOT NULL,
    institucion character varying,
    sigla character varying(10),
    fec_registro dfec_modificacion,
    fec_modificacion dfec_modificacion,
    estado did_estado DEFAULT 'A'::text,
    ult_usuario did_usuario
);


ALTER TABLE public.emp_instituciones OWNER TO postgres;

--
-- TOC entry 186 (class 1259 OID 16571)
-- Dependencies: 2227 577 6 577 583 582
-- Name: emp_niveles_formaciones; Type: TABLE; Schema: public; Owner: postgres; Tablespace: 
--

CREATE TABLE emp_niveles_formaciones (
    id_nivel_formacion integer NOT NULL,
    nivel_formacion character varying,
    fec_registro dfec_modificacion,
    estado did_estado DEFAULT 'A'::text,
    fec_modificacion dfec_modificacion,
    ult_usuario did_usuario
);


ALTER TABLE public.emp_niveles_formaciones OWNER TO postgres;

--
-- TOC entry 187 (class 1259 OID 16578)
-- Dependencies: 2229 2230 577 6 582 583 577
-- Name: emp_ofertas_laborales; Type: TABLE; Schema: public; Owner: postgres; Tablespace: 
--

CREATE TABLE emp_ofertas_laborales (
    id_oferta_laboral integer NOT NULL,
    ofeta_laboral character varying(140),
    detalle text,
    vigente character varying(1) DEFAULT 'S'::character varying,
    sueldo character varying(30),
    id_empleador integer,
    estado did_estado DEFAULT 'A'::text,
    fec_registro dfec_modificacion,
    fec_modificacion dfec_modificacion,
    ult_usuario did_usuario,
    fecha_fin date
);


ALTER TABLE public.emp_ofertas_laborales OWNER TO postgres;

--
-- TOC entry 2545 (class 0 OID 0)
-- Dependencies: 187
-- Name: COLUMN emp_ofertas_laborales.vigente; Type: COMMENT; Schema: public; Owner: postgres
--

COMMENT ON COLUMN emp_ofertas_laborales.vigente IS 'S=ABIERTO
N=CERRADO';


--
-- TOC entry 188 (class 1259 OID 16586)
-- Dependencies: 187 6
-- Name: emp_ofertas_laborales_id_oferta_laboral_seq; Type: SEQUENCE; Schema: public; Owner: postgres
--

CREATE SEQUENCE emp_ofertas_laborales_id_oferta_laboral_seq
    START WITH 1
    INCREMENT BY 1
    NO MINVALUE
    NO MAXVALUE
    CACHE 1;


ALTER TABLE public.emp_ofertas_laborales_id_oferta_laboral_seq OWNER TO postgres;

--
-- TOC entry 2546 (class 0 OID 0)
-- Dependencies: 188
-- Name: emp_ofertas_laborales_id_oferta_laboral_seq; Type: SEQUENCE OWNED BY; Schema: public; Owner: postgres
--

ALTER SEQUENCE emp_ofertas_laborales_id_oferta_laboral_seq OWNED BY emp_ofertas_laborales.id_oferta_laboral;


--
-- TOC entry 2547 (class 0 OID 0)
-- Dependencies: 188
-- Name: emp_ofertas_laborales_id_oferta_laboral_seq; Type: SEQUENCE SET; Schema: public; Owner: postgres
--

SELECT pg_catalog.setval('emp_ofertas_laborales_id_oferta_laboral_seq', 1, false);


--
-- TOC entry 189 (class 1259 OID 16588)
-- Dependencies: 2232 577 577 582 6
-- Name: emp_ofertas_rubros; Type: TABLE; Schema: public; Owner: postgres; Tablespace: 
--

CREATE TABLE emp_ofertas_rubros (
    id_oferta_laboral integer,
    id_rubro integer,
    fec_registro dfec_modificacion,
    fec_modificacion dfec_modificacion,
    estado did_estado DEFAULT 'A'::text,
    ult_usuario integer
);


ALTER TABLE public.emp_ofertas_rubros OWNER TO postgres;

--
-- TOC entry 190 (class 1259 OID 16595)
-- Dependencies: 2233 583 577 577 6 582
-- Name: emp_productos; Type: TABLE; Schema: public; Owner: postgres; Tablespace: 
--

CREATE TABLE emp_productos (
    id_producto integer NOT NULL,
    producto character varying(100),
    fec_registro dfec_modificacion,
    detalle character varying(100),
    fec_modificacion dfec_modificacion,
    estado did_estado DEFAULT 'A'::text,
    ult_usuario did_usuario
);


ALTER TABLE public.emp_productos OWNER TO postgres;

--
-- TOC entry 191 (class 1259 OID 16602)
-- Dependencies: 2235 582 6 583 577 577
-- Name: emp_productos_empresas; Type: TABLE; Schema: public; Owner: postgres; Tablespace: 
--

CREATE TABLE emp_productos_empresas (
    id_producto integer,
    id_empresa integer,
    fec_registro dfec_modificacion,
    estado did_estado DEFAULT 'A'::text NOT NULL,
    id_prod_empr integer NOT NULL,
    id_rubro integer NOT NULL,
    cantidad numeric(8,2),
    gestion integer,
    fec_modificacion dfec_modificacion,
    ult_usuario did_usuario
);


ALTER TABLE public.emp_productos_empresas OWNER TO postgres;

--
-- TOC entry 192 (class 1259 OID 16609)
-- Dependencies: 2237 2238 582 6 583 577 577
-- Name: emp_reuniones; Type: TABLE; Schema: public; Owner: postgres; Tablespace: 
--

CREATE TABLE emp_reuniones (
    id_reunion integer NOT NULL,
    reunion character varying(30) NOT NULL,
    detalle text,
    fecha_reunion timestamp without time zone,
    fec_registro dfec_modificacion,
    fec_modificacion dfec_modificacion,
    estado did_estado DEFAULT 'A'::text,
    vigente character(1) DEFAULT 'V'::bpchar,
    id_persona integer,
    ult_usuario did_usuario
);


ALTER TABLE public.emp_reuniones OWNER TO postgres;

--
-- TOC entry 2548 (class 0 OID 0)
-- Dependencies: 192
-- Name: COLUMN emp_reuniones.vigente; Type: COMMENT; Schema: public; Owner: postgres
--

COMMENT ON COLUMN emp_reuniones.vigente IS 'V=vigente
C=cerrado';


--
-- TOC entry 193 (class 1259 OID 16617)
-- Dependencies: 582 6 583
-- Name: emp_reuniones_empleadores; Type: TABLE; Schema: public; Owner: postgres; Tablespace: 
--

CREATE TABLE emp_reuniones_empleadores (
    id_reunion integer,
    id_empleador integer,
    observacion text,
    fec_registro timestamp without time zone,
    fec_modificacion timestamp without time zone,
    estado did_estado,
    ult_usuario did_usuario
);


ALTER TABLE public.emp_reuniones_empleadores OWNER TO postgres;

--
-- TOC entry 194 (class 1259 OID 16623)
-- Dependencies: 582 577 577 6 583
-- Name: emp_reuniones_empleados; Type: TABLE; Schema: public; Owner: postgres; Tablespace: 
--

CREATE TABLE emp_reuniones_empleados (
    id_empleado integer,
    id_reunion integer,
    observacion text,
    fec_registro dfec_modificacion,
    fec_modificacion dfec_modificacion,
    estado did_estado,
    ult_usuario did_usuario
);


ALTER TABLE public.emp_reuniones_empleados OWNER TO postgres;

--
-- TOC entry 195 (class 1259 OID 16629)
-- Dependencies: 192 6
-- Name: emp_reuniones_id_reunion_seq; Type: SEQUENCE; Schema: public; Owner: postgres
--

CREATE SEQUENCE emp_reuniones_id_reunion_seq
    START WITH 1
    INCREMENT BY 1
    NO MINVALUE
    NO MAXVALUE
    CACHE 1;


ALTER TABLE public.emp_reuniones_id_reunion_seq OWNER TO postgres;

--
-- TOC entry 2549 (class 0 OID 0)
-- Dependencies: 195
-- Name: emp_reuniones_id_reunion_seq; Type: SEQUENCE OWNED BY; Schema: public; Owner: postgres
--

ALTER SEQUENCE emp_reuniones_id_reunion_seq OWNED BY emp_reuniones.id_reunion;


--
-- TOC entry 2550 (class 0 OID 0)
-- Dependencies: 195
-- Name: emp_reuniones_id_reunion_seq; Type: SEQUENCE SET; Schema: public; Owner: postgres
--

SELECT pg_catalog.setval('emp_reuniones_id_reunion_seq', 1, false);


--
-- TOC entry 196 (class 1259 OID 16631)
-- Dependencies: 2240 583 577 6 582 577
-- Name: emp_rubros; Type: TABLE; Schema: public; Owner: postgres; Tablespace: 
--

CREATE TABLE emp_rubros (
    id_rubro integer NOT NULL,
    rubro character varying(30),
    sigla character varying(30),
    fec_registro dfec_modificacion,
    fec_modificacion dfec_modificacion,
    ult_usuario did_usuario,
    estado did_estado DEFAULT 'A'::text
);


ALTER TABLE public.emp_rubros OWNER TO postgres;

--
-- TOC entry 197 (class 1259 OID 16638)
-- Dependencies: 2242 583 577 577 582 6
-- Name: emp_rubros_empresas; Type: TABLE; Schema: public; Owner: postgres; Tablespace: 
--

CREATE TABLE emp_rubros_empresas (
    id_rubro integer NOT NULL,
    id_empresa integer NOT NULL,
    id_rubro_empresa integer NOT NULL,
    estado did_estado DEFAULT 'A'::text,
    fec_registro dfec_modificacion,
    fec_modificacion dfec_modificacion,
    ult_usuario did_usuario
);


ALTER TABLE public.emp_rubros_empresas OWNER TO postgres;

--
-- TOC entry 2551 (class 0 OID 0)
-- Dependencies: 197
-- Name: COLUMN emp_rubros_empresas.id_rubro_empresa; Type: COMMENT; Schema: public; Owner: postgres
--

COMMENT ON COLUMN emp_rubros_empresas.id_rubro_empresa IS 'Identificador de rubros de empresa.';


--
-- TOC entry 198 (class 1259 OID 16645)
-- Dependencies: 2244 582 577 577 583 6
-- Name: emp_servicios; Type: TABLE; Schema: public; Owner: postgres; Tablespace: 
--

CREATE TABLE emp_servicios (
    "id_servicio " integer NOT NULL,
    servicio character varying(100),
    fecha_registro dfec_modificacion,
    estado did_estado DEFAULT 'A'::text,
    fec_modificacion dfec_modificacion,
    ult_usuario did_usuario
);


ALTER TABLE public.emp_servicios OWNER TO postgres;

--
-- TOC entry 199 (class 1259 OID 16652)
-- Dependencies: 2246 2247 6 577 583 582 577
-- Name: emp_servicios_empresas; Type: TABLE; Schema: public; Owner: postgres; Tablespace: 
--

CREATE TABLE emp_servicios_empresas (
    id_empresa integer,
    id_servicio integer,
    fecha_registro dfec_modificacion,
    estado did_estado DEFAULT 'A'::text,
    id_serv_emp integer NOT NULL,
    id_rubro integer NOT NULL,
    cantidad numeric(8,2) DEFAULT 0.0,
    gestion integer,
    fec_modificacion dfec_modificacion,
    ult_usuario did_usuario
);


ALTER TABLE public.emp_servicios_empresas OWNER TO postgres;

--
-- TOC entry 200 (class 1259 OID 16660)
-- Dependencies: 2249 2250 2251 2252 583 582 577 577 6
-- Name: emp_sucursales; Type: TABLE; Schema: public; Owner: postgres; Tablespace: 
--

CREATE TABLE emp_sucursales (
    id_sucursal integer DEFAULT nextval(('public.emp_sucursales_id_sucursal_seq'::text)::regclass) NOT NULL,
    sucursal text NOT NULL,
    direccion text,
    nro_fundo_empresa text,
    nro_codeco text,
    telefono text,
    celular text,
    fax text,
    email text,
    pagina_web text,
    nro_empleados integer,
    fecha_inicio_empresa date,
    tipo_sucursal integer DEFAULT 1,
    id_empresa integer NOT NULL,
    fec_registro dfec_modificacion,
    fec_modificacion dfec_modificacion,
    ult_usuario did_usuario,
    estado did_estado DEFAULT 'A'::text,
    id_pais integer DEFAULT 1,
    id_departamento integer,
    id_provincia integer,
    id_localidad integer,
    id_municipio integer
);


ALTER TABLE public.emp_sucursales OWNER TO postgres;

--
-- TOC entry 2552 (class 0 OID 0)
-- Dependencies: 200
-- Name: COLUMN emp_sucursales.tipo_sucursal; Type: COMMENT; Schema: public; Owner: postgres
--

COMMENT ON COLUMN emp_sucursales.tipo_sucursal IS '1= Central
2= Sucursal';


--
-- TOC entry 201 (class 1259 OID 16670)
-- Dependencies: 6
-- Name: emp_sucursales_id_sucursal_seq; Type: SEQUENCE; Schema: public; Owner: postgres
--

CREATE SEQUENCE emp_sucursales_id_sucursal_seq
    START WITH 1
    INCREMENT BY 1
    NO MINVALUE
    MAXVALUE 2147483647
    CACHE 1;


ALTER TABLE public.emp_sucursales_id_sucursal_seq OWNER TO postgres;

--
-- TOC entry 2553 (class 0 OID 0)
-- Dependencies: 201
-- Name: emp_sucursales_id_sucursal_seq; Type: SEQUENCE SET; Schema: public; Owner: postgres
--

SELECT pg_catalog.setval('emp_sucursales_id_sucursal_seq', 7, true);


--
-- TOC entry 202 (class 1259 OID 16672)
-- Dependencies: 2253 577 577 583 6 582
-- Name: emp_tipo_competencias; Type: TABLE; Schema: public; Owner: postgres; Tablespace: 
--

CREATE TABLE emp_tipo_competencias (
    id_tipo_competencia integer NOT NULL,
    tipo_competencia character varying,
    fec_registro dfec_modificacion,
    estado did_estado DEFAULT 'A'::text,
    fec_modificacion dfec_modificacion,
    ult_usuario did_usuario
);


ALTER TABLE public.emp_tipo_competencias OWNER TO postgres;

--
-- TOC entry 203 (class 1259 OID 16679)
-- Dependencies: 2255 577 583 577 582 6
-- Name: emp_tipo_establecimientos; Type: TABLE; Schema: public; Owner: postgres; Tablespace: 
--

CREATE TABLE emp_tipo_establecimientos (
    id_tipo_establecimiento integer NOT NULL,
    tipo_establecimiento character varying,
    fec_registro dfec_modificacion,
    estado did_estado DEFAULT 'A'::text,
    fec_modificacion dfec_modificacion,
    ult_usuario did_usuario
);


ALTER TABLE public.emp_tipo_establecimientos OWNER TO postgres;

--
-- TOC entry 204 (class 1259 OID 16686)
-- Dependencies: 2257 577 6 583 582 577
-- Name: emp_tipos_formularios; Type: TABLE; Schema: public; Owner: postgres; Tablespace: 
--

CREATE TABLE emp_tipos_formularios (
    id_tipo integer NOT NULL,
    tipo_formulario character varying(100),
    fec_registro dfec_modificacion,
    fec_modificacion dfec_modificacion,
    estado did_estado DEFAULT 'A'::text,
    ult_usuario did_usuario
);


ALTER TABLE public.emp_tipos_formularios OWNER TO postgres;

--
-- TOC entry 205 (class 1259 OID 16693)
-- Dependencies: 2259 577 6 582 577 583
-- Name: emp_titulos; Type: TABLE; Schema: public; Owner: postgres; Tablespace: 
--

CREATE TABLE emp_titulos (
    id_titulo integer NOT NULL,
    titulo text,
    fec_registro dfec_modificacion,
    fec_modificacion dfec_modificacion,
    estado did_estado DEFAULT 'A'::text,
    ult_usuario did_usuario
);


ALTER TABLE public.emp_titulos OWNER TO postgres;

--
-- TOC entry 206 (class 1259 OID 16700)
-- Dependencies: 6 171
-- Name: empadronadores_id_empadronador_seq; Type: SEQUENCE; Schema: public; Owner: postgres
--

CREATE SEQUENCE empadronadores_id_empadronador_seq
    START WITH 1
    INCREMENT BY 1
    NO MINVALUE
    NO MAXVALUE
    CACHE 1;


ALTER TABLE public.empadronadores_id_empadronador_seq OWNER TO postgres;

--
-- TOC entry 2554 (class 0 OID 0)
-- Dependencies: 206
-- Name: empadronadores_id_empadronador_seq; Type: SEQUENCE OWNED BY; Schema: public; Owner: postgres
--

ALTER SEQUENCE empadronadores_id_empadronador_seq OWNED BY emp_empadronadores.id_empadronador;


--
-- TOC entry 2555 (class 0 OID 0)
-- Dependencies: 206
-- Name: empadronadores_id_empadronador_seq; Type: SEQUENCE SET; Schema: public; Owner: postgres
--

SELECT pg_catalog.setval('empadronadores_id_empadronador_seq', 1, true);


--
-- TOC entry 207 (class 1259 OID 16702)
-- Dependencies: 173 6
-- Name: empleado_id_empleado_seq; Type: SEQUENCE; Schema: public; Owner: postgres
--

CREATE SEQUENCE empleado_id_empleado_seq
    START WITH 1
    INCREMENT BY 1
    NO MINVALUE
    NO MAXVALUE
    CACHE 1;


ALTER TABLE public.empleado_id_empleado_seq OWNER TO postgres;

--
-- TOC entry 2556 (class 0 OID 0)
-- Dependencies: 207
-- Name: empleado_id_empleado_seq; Type: SEQUENCE OWNED BY; Schema: public; Owner: postgres
--

ALTER SEQUENCE empleado_id_empleado_seq OWNED BY emp_empleados.id_empleado;


--
-- TOC entry 2557 (class 0 OID 0)
-- Dependencies: 207
-- Name: empleado_id_empleado_seq; Type: SEQUENCE SET; Schema: public; Owner: postgres
--

SELECT pg_catalog.setval('empleado_id_empleado_seq', 5, true);


--
-- TOC entry 208 (class 1259 OID 16704)
-- Dependencies: 172 6
-- Name: empleador_id_empleador_seq; Type: SEQUENCE; Schema: public; Owner: postgres
--

CREATE SEQUENCE empleador_id_empleador_seq
    START WITH 1
    INCREMENT BY 1
    NO MINVALUE
    NO MAXVALUE
    CACHE 1;


ALTER TABLE public.empleador_id_empleador_seq OWNER TO postgres;

--
-- TOC entry 2558 (class 0 OID 0)
-- Dependencies: 208
-- Name: empleador_id_empleador_seq; Type: SEQUENCE OWNED BY; Schema: public; Owner: postgres
--

ALTER SEQUENCE empleador_id_empleador_seq OWNED BY emp_empleadores.id_empleador;


--
-- TOC entry 2559 (class 0 OID 0)
-- Dependencies: 208
-- Name: empleador_id_empleador_seq; Type: SEQUENCE SET; Schema: public; Owner: postgres
--

SELECT pg_catalog.setval('empleador_id_empleador_seq', 1, false);


--
-- TOC entry 209 (class 1259 OID 16706)
-- Dependencies: 175 6
-- Name: empresa_id_empresa_seq; Type: SEQUENCE; Schema: public; Owner: postgres
--

CREATE SEQUENCE empresa_id_empresa_seq
    START WITH 1
    INCREMENT BY 1
    NO MINVALUE
    NO MAXVALUE
    CACHE 1;


ALTER TABLE public.empresa_id_empresa_seq OWNER TO postgres;

--
-- TOC entry 2560 (class 0 OID 0)
-- Dependencies: 209
-- Name: empresa_id_empresa_seq; Type: SEQUENCE OWNED BY; Schema: public; Owner: postgres
--

ALTER SEQUENCE empresa_id_empresa_seq OWNED BY emp_empresas.id_empresa;


--
-- TOC entry 2561 (class 0 OID 0)
-- Dependencies: 209
-- Name: empresa_id_empresa_seq; Type: SEQUENCE SET; Schema: public; Owner: postgres
--

SELECT pg_catalog.setval('empresa_id_empresa_seq', 12, true);


--
-- TOC entry 210 (class 1259 OID 16708)
-- Dependencies: 2260 2261 583 582 577 577 6
-- Name: enlaces; Type: TABLE; Schema: public; Owner: postgres; Tablespace: 
--

CREATE TABLE enlaces (
    id_enlace integer NOT NULL,
    enlace character varying(30) NOT NULL,
    estado did_estado DEFAULT 'A'::text,
    fec_registro dfec_modificacion,
    fec_modificacion dfec_modificacion,
    ult_usuario did_usuario,
    ruta_enlace text,
    orden integer DEFAULT 1,
    id_categoria integer,
    id_padre_enlace integer
);


ALTER TABLE public.enlaces OWNER TO postgres;

--
-- TOC entry 211 (class 1259 OID 16716)
-- Dependencies: 210 6
-- Name: enlaces_id_enlace_seq; Type: SEQUENCE; Schema: public; Owner: postgres
--

CREATE SEQUENCE enlaces_id_enlace_seq
    START WITH 1
    INCREMENT BY 1
    NO MINVALUE
    NO MAXVALUE
    CACHE 1;


ALTER TABLE public.enlaces_id_enlace_seq OWNER TO postgres;

--
-- TOC entry 2562 (class 0 OID 0)
-- Dependencies: 211
-- Name: enlaces_id_enlace_seq; Type: SEQUENCE OWNED BY; Schema: public; Owner: postgres
--

ALTER SEQUENCE enlaces_id_enlace_seq OWNED BY enlaces.id_enlace;


--
-- TOC entry 2563 (class 0 OID 0)
-- Dependencies: 211
-- Name: enlaces_id_enlace_seq; Type: SEQUENCE SET; Schema: public; Owner: postgres
--

SELECT pg_catalog.setval('enlaces_id_enlace_seq', 2, true);


--
-- TOC entry 212 (class 1259 OID 16718)
-- Dependencies: 6 176
-- Name: establecimientos_id_establecimiento_seq; Type: SEQUENCE; Schema: public; Owner: postgres
--

CREATE SEQUENCE establecimientos_id_establecimiento_seq
    START WITH 1
    INCREMENT BY 1
    NO MINVALUE
    NO MAXVALUE
    CACHE 1;


ALTER TABLE public.establecimientos_id_establecimiento_seq OWNER TO postgres;

--
-- TOC entry 2564 (class 0 OID 0)
-- Dependencies: 212
-- Name: establecimientos_id_establecimiento_seq; Type: SEQUENCE OWNED BY; Schema: public; Owner: postgres
--

ALTER SEQUENCE establecimientos_id_establecimiento_seq OWNED BY emp_establecimientos.id_establecimiento;


--
-- TOC entry 2565 (class 0 OID 0)
-- Dependencies: 212
-- Name: establecimientos_id_establecimiento_seq; Type: SEQUENCE SET; Schema: public; Owner: postgres
--

SELECT pg_catalog.setval('establecimientos_id_establecimiento_seq', 48, true);


--
-- TOC entry 213 (class 1259 OID 16720)
-- Dependencies: 6 179
-- Name: formularioregistro_id_formulario_seq; Type: SEQUENCE; Schema: public; Owner: postgres
--

CREATE SEQUENCE formularioregistro_id_formulario_seq
    START WITH 1
    INCREMENT BY 1
    NO MINVALUE
    NO MAXVALUE
    CACHE 1;


ALTER TABLE public.formularioregistro_id_formulario_seq OWNER TO postgres;

--
-- TOC entry 2566 (class 0 OID 0)
-- Dependencies: 213
-- Name: formularioregistro_id_formulario_seq; Type: SEQUENCE OWNED BY; Schema: public; Owner: postgres
--

ALTER SEQUENCE formularioregistro_id_formulario_seq OWNED BY emp_formularios.id_formulario;


--
-- TOC entry 2567 (class 0 OID 0)
-- Dependencies: 213
-- Name: formularioregistro_id_formulario_seq; Type: SEQUENCE SET; Schema: public; Owner: postgres
--

SELECT pg_catalog.setval('formularioregistro_id_formulario_seq', 5, true);


--
-- TOC entry 214 (class 1259 OID 16722)
-- Dependencies: 6 185
-- Name: instituciones_id_institucion_seq; Type: SEQUENCE; Schema: public; Owner: postgres
--

CREATE SEQUENCE instituciones_id_institucion_seq
    START WITH 1
    INCREMENT BY 1
    NO MINVALUE
    NO MAXVALUE
    CACHE 1;


ALTER TABLE public.instituciones_id_institucion_seq OWNER TO postgres;

--
-- TOC entry 2568 (class 0 OID 0)
-- Dependencies: 214
-- Name: instituciones_id_institucion_seq; Type: SEQUENCE OWNED BY; Schema: public; Owner: postgres
--

ALTER SEQUENCE instituciones_id_institucion_seq OWNED BY emp_instituciones.id_institucion;


--
-- TOC entry 2569 (class 0 OID 0)
-- Dependencies: 214
-- Name: instituciones_id_institucion_seq; Type: SEQUENCE SET; Schema: public; Owner: postgres
--

SELECT pg_catalog.setval('instituciones_id_institucion_seq', 1, true);


--
-- TOC entry 215 (class 1259 OID 16724)
-- Dependencies: 6
-- Name: localidad_id_localidad_seq; Type: SEQUENCE; Schema: public; Owner: postgres
--

CREATE SEQUENCE localidad_id_localidad_seq
    START WITH 1
    INCREMENT BY 1
    NO MINVALUE
    MAXVALUE 2147483647
    CACHE 1;


ALTER TABLE public.localidad_id_localidad_seq OWNER TO postgres;

--
-- TOC entry 2570 (class 0 OID 0)
-- Dependencies: 215
-- Name: localidad_id_localidad_seq; Type: SEQUENCE SET; Schema: public; Owner: postgres
--

SELECT pg_catalog.setval('localidad_id_localidad_seq', 1, false);


--
-- TOC entry 216 (class 1259 OID 16726)
-- Dependencies: 2263 6 577 577 582 583
-- Name: localidades; Type: TABLE; Schema: public; Owner: postgres; Tablespace: 
--

CREATE TABLE localidades (
    id_localidad integer NOT NULL,
    localidad character varying NOT NULL,
    estado did_estado DEFAULT 'A'::text NOT NULL,
    id_provincia integer NOT NULL,
    fec_registro dfec_modificacion,
    fec_modificacion dfec_modificacion,
    ult_usuario did_usuario
);


ALTER TABLE public.localidades OWNER TO postgres;

--
-- TOC entry 217 (class 1259 OID 16733)
-- Dependencies: 2265 577 577 583 6 582
-- Name: menus; Type: TABLE; Schema: public; Owner: postgres; Tablespace: 
--

CREATE TABLE menus (
    id_menu integer NOT NULL,
    id_rol integer,
    id_enlace integer NOT NULL,
    estado did_estado DEFAULT 'A'::text,
    fec_registro dfec_modificacion,
    fec_modificacion dfec_modificacion,
    ult_usuario did_usuario
);


ALTER TABLE public.menus OWNER TO postgres;

--
-- TOC entry 218 (class 1259 OID 16740)
-- Dependencies: 6 217
-- Name: menus_id_menu_seq; Type: SEQUENCE; Schema: public; Owner: postgres
--

CREATE SEQUENCE menus_id_menu_seq
    START WITH 1
    INCREMENT BY 1
    NO MINVALUE
    NO MAXVALUE
    CACHE 1;


ALTER TABLE public.menus_id_menu_seq OWNER TO postgres;

--
-- TOC entry 2571 (class 0 OID 0)
-- Dependencies: 218
-- Name: menus_id_menu_seq; Type: SEQUENCE OWNED BY; Schema: public; Owner: postgres
--

ALTER SEQUENCE menus_id_menu_seq OWNED BY menus.id_menu;


--
-- TOC entry 2572 (class 0 OID 0)
-- Dependencies: 218
-- Name: menus_id_menu_seq; Type: SEQUENCE SET; Schema: public; Owner: postgres
--

SELECT pg_catalog.setval('menus_id_menu_seq', 4, true);


--
-- TOC entry 219 (class 1259 OID 16742)
-- Dependencies: 582 583 6 577 577
-- Name: municipios; Type: TABLE; Schema: public; Owner: postgres; Tablespace: 
--

CREATE TABLE municipios (
    id_municipio integer NOT NULL,
    id_localidad integer NOT NULL,
    municipio text NOT NULL,
    sigla character varying(10),
    estado did_estado,
    fec_registro dfec_modificacion,
    fec_modificacion dfec_modificacion,
    ult_usuario did_usuario
);


ALTER TABLE public.municipios OWNER TO postgres;

--
-- TOC entry 220 (class 1259 OID 16748)
-- Dependencies: 6 219
-- Name: municipios_id_municipio_seq; Type: SEQUENCE; Schema: public; Owner: postgres
--

CREATE SEQUENCE municipios_id_municipio_seq
    START WITH 1
    INCREMENT BY 1
    NO MINVALUE
    NO MAXVALUE
    CACHE 1;


ALTER TABLE public.municipios_id_municipio_seq OWNER TO postgres;

--
-- TOC entry 2573 (class 0 OID 0)
-- Dependencies: 220
-- Name: municipios_id_municipio_seq; Type: SEQUENCE OWNED BY; Schema: public; Owner: postgres
--

ALTER SEQUENCE municipios_id_municipio_seq OWNED BY municipios.id_municipio;


--
-- TOC entry 2574 (class 0 OID 0)
-- Dependencies: 220
-- Name: municipios_id_municipio_seq; Type: SEQUENCE SET; Schema: public; Owner: postgres
--

SELECT pg_catalog.setval('municipios_id_municipio_seq', 1, true);


--
-- TOC entry 221 (class 1259 OID 16750)
-- Dependencies: 186 6
-- Name: niveles_fromacion_id_nivel_seq; Type: SEQUENCE; Schema: public; Owner: postgres
--

CREATE SEQUENCE niveles_fromacion_id_nivel_seq
    START WITH 1
    INCREMENT BY 1
    NO MINVALUE
    NO MAXVALUE
    CACHE 1;


ALTER TABLE public.niveles_fromacion_id_nivel_seq OWNER TO postgres;

--
-- TOC entry 2575 (class 0 OID 0)
-- Dependencies: 221
-- Name: niveles_fromacion_id_nivel_seq; Type: SEQUENCE OWNED BY; Schema: public; Owner: postgres
--

ALTER SEQUENCE niveles_fromacion_id_nivel_seq OWNED BY emp_niveles_formaciones.id_nivel_formacion;


--
-- TOC entry 2576 (class 0 OID 0)
-- Dependencies: 221
-- Name: niveles_fromacion_id_nivel_seq; Type: SEQUENCE SET; Schema: public; Owner: postgres
--

SELECT pg_catalog.setval('niveles_fromacion_id_nivel_seq', 10, true);


--
-- TOC entry 222 (class 1259 OID 16752)
-- Dependencies: 2268 583 577 577 582 6
-- Name: paises; Type: TABLE; Schema: public; Owner: postgres; Tablespace: 
--

CREATE TABLE paises (
    id_pais integer NOT NULL,
    pais character varying NOT NULL,
    fec_registro dfec_modificacion,
    nacionalidad text NOT NULL,
    fec_modificacion dfec_modificacion,
    ult_usuario did_usuario,
    estado did_estado DEFAULT 'A'::text
);


ALTER TABLE public.paises OWNER TO postgres;

--
-- TOC entry 223 (class 1259 OID 16759)
-- Dependencies: 222 6
-- Name: paises_id_pais_seq; Type: SEQUENCE; Schema: public; Owner: postgres
--

CREATE SEQUENCE paises_id_pais_seq
    START WITH 1
    INCREMENT BY 1
    NO MINVALUE
    NO MAXVALUE
    CACHE 1;


ALTER TABLE public.paises_id_pais_seq OWNER TO postgres;

--
-- TOC entry 2577 (class 0 OID 0)
-- Dependencies: 223
-- Name: paises_id_pais_seq; Type: SEQUENCE OWNED BY; Schema: public; Owner: postgres
--

ALTER SEQUENCE paises_id_pais_seq OWNED BY paises.id_pais;


--
-- TOC entry 2578 (class 0 OID 0)
-- Dependencies: 223
-- Name: paises_id_pais_seq; Type: SEQUENCE SET; Schema: public; Owner: postgres
--

SELECT pg_catalog.setval('paises_id_pais_seq', 9, true);


--
-- TOC entry 224 (class 1259 OID 16761)
-- Dependencies: 2270 2271 593 579 6 582 575 575 575 573 577 577 583 593 592 573 593 593 593 593 593
-- Name: personas; Type: TABLE; Schema: public; Owner: postgres; Tablespace: 
--

CREATE TABLE personas (
    id_persona integer NOT NULL,
    nombres dtexto NOT NULL,
    paterno dtexto2 NOT NULL,
    materno dtexto2 NOT NULL,
    fec_nacimiento dfecha2,
    telefono dtexto2,
    celular dtexto2,
    correo dtexto2,
    fax dtexto2,
    id_identificacion dentero,
    direccion dtexto2,
    ult_usuario did_usuario,
    fec_registro dfec_modificacion,
    fec_modificacion dfec_modificacion,
    id_pais dentero DEFAULT 1,
    id_departamento dentero3,
    id_provincia dentero3,
    id_localidad dentero3,
    id_sexo did_estado DEFAULT 'M'::text NOT NULL
);


ALTER TABLE public.personas OWNER TO postgres;

--
-- TOC entry 2579 (class 0 OID 0)
-- Dependencies: 224
-- Name: COLUMN personas.id_sexo; Type: COMMENT; Schema: public; Owner: postgres
--

COMMENT ON COLUMN personas.id_sexo IS 'M=Masculino, F=Femenino';


--
-- TOC entry 225 (class 1259 OID 16769)
-- Dependencies: 6 224
-- Name: persona_id_persona_seq; Type: SEQUENCE; Schema: public; Owner: postgres
--

CREATE SEQUENCE persona_id_persona_seq
    START WITH 1
    INCREMENT BY 1
    NO MINVALUE
    NO MAXVALUE
    CACHE 1;


ALTER TABLE public.persona_id_persona_seq OWNER TO postgres;

--
-- TOC entry 2580 (class 0 OID 0)
-- Dependencies: 225
-- Name: persona_id_persona_seq; Type: SEQUENCE OWNED BY; Schema: public; Owner: postgres
--

ALTER SEQUENCE persona_id_persona_seq OWNED BY personas.id_persona;


--
-- TOC entry 2581 (class 0 OID 0)
-- Dependencies: 225
-- Name: persona_id_persona_seq; Type: SEQUENCE SET; Schema: public; Owner: postgres
--

SELECT pg_catalog.setval('persona_id_persona_seq', 8, true);


--
-- TOC entry 226 (class 1259 OID 16771)
-- Dependencies: 191 6
-- Name: productos_empresa_id_prod_empr_seq; Type: SEQUENCE; Schema: public; Owner: postgres
--

CREATE SEQUENCE productos_empresa_id_prod_empr_seq
    START WITH 1
    INCREMENT BY 1
    NO MINVALUE
    NO MAXVALUE
    CACHE 1;


ALTER TABLE public.productos_empresa_id_prod_empr_seq OWNER TO postgres;

--
-- TOC entry 2582 (class 0 OID 0)
-- Dependencies: 226
-- Name: productos_empresa_id_prod_empr_seq; Type: SEQUENCE OWNED BY; Schema: public; Owner: postgres
--

ALTER SEQUENCE productos_empresa_id_prod_empr_seq OWNED BY emp_productos_empresas.id_prod_empr;


--
-- TOC entry 2583 (class 0 OID 0)
-- Dependencies: 226
-- Name: productos_empresa_id_prod_empr_seq; Type: SEQUENCE SET; Schema: public; Owner: postgres
--

SELECT pg_catalog.setval('productos_empresa_id_prod_empr_seq', 1, false);


--
-- TOC entry 227 (class 1259 OID 16773)
-- Dependencies: 6 190
-- Name: productos_id_producto_seq; Type: SEQUENCE; Schema: public; Owner: postgres
--

CREATE SEQUENCE productos_id_producto_seq
    START WITH 1
    INCREMENT BY 1
    NO MINVALUE
    NO MAXVALUE
    CACHE 1;


ALTER TABLE public.productos_id_producto_seq OWNER TO postgres;

--
-- TOC entry 2584 (class 0 OID 0)
-- Dependencies: 227
-- Name: productos_id_producto_seq; Type: SEQUENCE OWNED BY; Schema: public; Owner: postgres
--

ALTER SEQUENCE productos_id_producto_seq OWNED BY emp_productos.id_producto;


--
-- TOC entry 2585 (class 0 OID 0)
-- Dependencies: 227
-- Name: productos_id_producto_seq; Type: SEQUENCE SET; Schema: public; Owner: postgres
--

SELECT pg_catalog.setval('productos_id_producto_seq', 1, false);


--
-- TOC entry 228 (class 1259 OID 16775)
-- Dependencies: 2273 6 583 577 577 582
-- Name: provincias; Type: TABLE; Schema: public; Owner: postgres; Tablespace: 
--

CREATE TABLE provincias (
    id_provincia integer NOT NULL,
    provincia character varying NOT NULL,
    id_departamento integer NOT NULL,
    fec_registro dfec_modificacion,
    fec_modificacion dfec_modificacion,
    ult_usuario did_usuario,
    estado did_estado DEFAULT 'A'::text
);


ALTER TABLE public.provincias OWNER TO postgres;

--
-- TOC entry 229 (class 1259 OID 16782)
-- Dependencies: 6 228
-- Name: provincias_id_proivincia_seq; Type: SEQUENCE; Schema: public; Owner: postgres
--

CREATE SEQUENCE provincias_id_proivincia_seq
    START WITH 1
    INCREMENT BY 1
    NO MINVALUE
    NO MAXVALUE
    CACHE 1;


ALTER TABLE public.provincias_id_proivincia_seq OWNER TO postgres;

--
-- TOC entry 2586 (class 0 OID 0)
-- Dependencies: 229
-- Name: provincias_id_proivincia_seq; Type: SEQUENCE OWNED BY; Schema: public; Owner: postgres
--

ALTER SEQUENCE provincias_id_proivincia_seq OWNED BY provincias.id_provincia;


--
-- TOC entry 2587 (class 0 OID 0)
-- Dependencies: 229
-- Name: provincias_id_proivincia_seq; Type: SEQUENCE SET; Schema: public; Owner: postgres
--

SELECT pg_catalog.setval('provincias_id_proivincia_seq', 1, true);


--
-- TOC entry 230 (class 1259 OID 16784)
-- Dependencies: 6 167
-- Name: prs_departamentos_id_departamento_seq; Type: SEQUENCE; Schema: public; Owner: postgres
--

CREATE SEQUENCE prs_departamentos_id_departamento_seq
    START WITH 1
    INCREMENT BY 1
    NO MINVALUE
    NO MAXVALUE
    CACHE 1;


ALTER TABLE public.prs_departamentos_id_departamento_seq OWNER TO postgres;

--
-- TOC entry 2588 (class 0 OID 0)
-- Dependencies: 230
-- Name: prs_departamentos_id_departamento_seq; Type: SEQUENCE OWNED BY; Schema: public; Owner: postgres
--

ALTER SEQUENCE prs_departamentos_id_departamento_seq OWNED BY departamentos.id_departamento;


--
-- TOC entry 2589 (class 0 OID 0)
-- Dependencies: 230
-- Name: prs_departamentos_id_departamento_seq; Type: SEQUENCE SET; Schema: public; Owner: postgres
--

SELECT pg_catalog.setval('prs_departamentos_id_departamento_seq', 7, true);


--
-- TOC entry 231 (class 1259 OID 16786)
-- Dependencies: 2275 2276 577 582 577 6
-- Name: prs_identificaciones; Type: TABLE; Schema: public; Owner: postgres; Tablespace: 
--

CREATE TABLE prs_identificaciones (
    id_idenficacion integer DEFAULT nextval(('public.prs_identificaciones_id_idenficacion_seq'::text)::regclass) NOT NULL,
    ci integer,
    id_departamento integer,
    fec_registro dfec_modificacion,
    fec_modificacion dfec_modificacion,
    estado did_estado DEFAULT 'A'::text,
    ult_usuario integer
);


ALTER TABLE public.prs_identificaciones OWNER TO postgres;

--
-- TOC entry 232 (class 1259 OID 16794)
-- Dependencies: 6
-- Name: prs_identificaciones_id_idenficacion_seq; Type: SEQUENCE; Schema: public; Owner: postgres
--

CREATE SEQUENCE prs_identificaciones_id_idenficacion_seq
    START WITH 1
    INCREMENT BY 1
    NO MINVALUE
    MAXVALUE 2147483647
    CACHE 1;


ALTER TABLE public.prs_identificaciones_id_idenficacion_seq OWNER TO postgres;

--
-- TOC entry 2590 (class 0 OID 0)
-- Dependencies: 232
-- Name: prs_identificaciones_id_idenficacion_seq; Type: SEQUENCE SET; Schema: public; Owner: postgres
--

SELECT pg_catalog.setval('prs_identificaciones_id_idenficacion_seq', 8, true);


--
-- TOC entry 233 (class 1259 OID 16796)
-- Dependencies: 216 6
-- Name: prs_localidad_id_localidad_seq; Type: SEQUENCE; Schema: public; Owner: postgres
--

CREATE SEQUENCE prs_localidad_id_localidad_seq
    START WITH 1
    INCREMENT BY 1
    NO MINVALUE
    NO MAXVALUE
    CACHE 1;


ALTER TABLE public.prs_localidad_id_localidad_seq OWNER TO postgres;

--
-- TOC entry 2591 (class 0 OID 0)
-- Dependencies: 233
-- Name: prs_localidad_id_localidad_seq; Type: SEQUENCE OWNED BY; Schema: public; Owner: postgres
--

ALTER SEQUENCE prs_localidad_id_localidad_seq OWNED BY localidades.id_localidad;


--
-- TOC entry 2592 (class 0 OID 0)
-- Dependencies: 233
-- Name: prs_localidad_id_localidad_seq; Type: SEQUENCE SET; Schema: public; Owner: postgres
--

SELECT pg_catalog.setval('prs_localidad_id_localidad_seq', 1, true);


--
-- TOC entry 234 (class 1259 OID 16798)
-- Dependencies: 2277 6 583 577 577 582
-- Name: roles; Type: TABLE; Schema: public; Owner: postgres; Tablespace: 
--

CREATE TABLE roles (
    id_rol integer NOT NULL,
    rol character varying(30) NOT NULL,
    estado did_estado DEFAULT 'A'::text,
    fec_registro dfec_modificacion,
    fec_modificacion dfec_modificacion,
    ult_usuario did_usuario
);


ALTER TABLE public.roles OWNER TO postgres;

--
-- TOC entry 235 (class 1259 OID 16805)
-- Dependencies: 234 6
-- Name: roles_id_rol_seq; Type: SEQUENCE; Schema: public; Owner: postgres
--

CREATE SEQUENCE roles_id_rol_seq
    START WITH 1
    INCREMENT BY 1
    NO MINVALUE
    NO MAXVALUE
    CACHE 1;


ALTER TABLE public.roles_id_rol_seq OWNER TO postgres;

--
-- TOC entry 2593 (class 0 OID 0)
-- Dependencies: 235
-- Name: roles_id_rol_seq; Type: SEQUENCE OWNED BY; Schema: public; Owner: postgres
--

ALTER SEQUENCE roles_id_rol_seq OWNED BY roles.id_rol;


--
-- TOC entry 2594 (class 0 OID 0)
-- Dependencies: 235
-- Name: roles_id_rol_seq; Type: SEQUENCE SET; Schema: public; Owner: postgres
--

SELECT pg_catalog.setval('roles_id_rol_seq', 6, true);


--
-- TOC entry 236 (class 1259 OID 16807)
-- Dependencies: 6 197
-- Name: rubros_empresa_id_rubro_empresa_seq; Type: SEQUENCE; Schema: public; Owner: postgres
--

CREATE SEQUENCE rubros_empresa_id_rubro_empresa_seq
    START WITH 1
    INCREMENT BY 1
    NO MINVALUE
    NO MAXVALUE
    CACHE 1;


ALTER TABLE public.rubros_empresa_id_rubro_empresa_seq OWNER TO postgres;

--
-- TOC entry 2595 (class 0 OID 0)
-- Dependencies: 236
-- Name: rubros_empresa_id_rubro_empresa_seq; Type: SEQUENCE OWNED BY; Schema: public; Owner: postgres
--

ALTER SEQUENCE rubros_empresa_id_rubro_empresa_seq OWNED BY emp_rubros_empresas.id_rubro_empresa;


--
-- TOC entry 2596 (class 0 OID 0)
-- Dependencies: 236
-- Name: rubros_empresa_id_rubro_empresa_seq; Type: SEQUENCE SET; Schema: public; Owner: postgres
--

SELECT pg_catalog.setval('rubros_empresa_id_rubro_empresa_seq', 1, false);


--
-- TOC entry 237 (class 1259 OID 16809)
-- Dependencies: 6 196
-- Name: rubros_id_rubro_seq; Type: SEQUENCE; Schema: public; Owner: postgres
--

CREATE SEQUENCE rubros_id_rubro_seq
    START WITH 1
    INCREMENT BY 1
    NO MINVALUE
    NO MAXVALUE
    CACHE 1;


ALTER TABLE public.rubros_id_rubro_seq OWNER TO postgres;

--
-- TOC entry 2597 (class 0 OID 0)
-- Dependencies: 237
-- Name: rubros_id_rubro_seq; Type: SEQUENCE OWNED BY; Schema: public; Owner: postgres
--

ALTER SEQUENCE rubros_id_rubro_seq OWNED BY emp_rubros.id_rubro;


--
-- TOC entry 2598 (class 0 OID 0)
-- Dependencies: 237
-- Name: rubros_id_rubro_seq; Type: SEQUENCE SET; Schema: public; Owner: postgres
--

SELECT pg_catalog.setval('rubros_id_rubro_seq', 1, false);


--
-- TOC entry 238 (class 1259 OID 16811)
-- Dependencies: 199 6
-- Name: servicios_empresa_id_serv_emp_seq; Type: SEQUENCE; Schema: public; Owner: postgres
--

CREATE SEQUENCE servicios_empresa_id_serv_emp_seq
    START WITH 1
    INCREMENT BY 1
    NO MINVALUE
    NO MAXVALUE
    CACHE 1;


ALTER TABLE public.servicios_empresa_id_serv_emp_seq OWNER TO postgres;

--
-- TOC entry 2599 (class 0 OID 0)
-- Dependencies: 238
-- Name: servicios_empresa_id_serv_emp_seq; Type: SEQUENCE OWNED BY; Schema: public; Owner: postgres
--

ALTER SEQUENCE servicios_empresa_id_serv_emp_seq OWNED BY emp_servicios_empresas.id_serv_emp;


--
-- TOC entry 2600 (class 0 OID 0)
-- Dependencies: 238
-- Name: servicios_empresa_id_serv_emp_seq; Type: SEQUENCE SET; Schema: public; Owner: postgres
--

SELECT pg_catalog.setval('servicios_empresa_id_serv_emp_seq', 1, false);


--
-- TOC entry 239 (class 1259 OID 16813)
-- Dependencies: 198 6
-- Name: servicios_id_servicio _seq; Type: SEQUENCE; Schema: public; Owner: postgres
--

CREATE SEQUENCE "servicios_id_servicio _seq"
    START WITH 1
    INCREMENT BY 1
    NO MINVALUE
    NO MAXVALUE
    CACHE 1;


ALTER TABLE public."servicios_id_servicio _seq" OWNER TO postgres;

--
-- TOC entry 2601 (class 0 OID 0)
-- Dependencies: 239
-- Name: servicios_id_servicio _seq; Type: SEQUENCE OWNED BY; Schema: public; Owner: postgres
--

ALTER SEQUENCE "servicios_id_servicio _seq" OWNED BY emp_servicios."id_servicio ";


--
-- TOC entry 2602 (class 0 OID 0)
-- Dependencies: 239
-- Name: servicios_id_servicio _seq; Type: SEQUENCE SET; Schema: public; Owner: postgres
--

SELECT pg_catalog.setval('"servicios_id_servicio _seq"', 1, false);


--
-- TOC entry 240 (class 1259 OID 16815)
-- Dependencies: 6 202
-- Name: tipo_competencias_id_tipo_competencia_seq; Type: SEQUENCE; Schema: public; Owner: postgres
--

CREATE SEQUENCE tipo_competencias_id_tipo_competencia_seq
    START WITH 1
    INCREMENT BY 1
    NO MINVALUE
    NO MAXVALUE
    CACHE 1;


ALTER TABLE public.tipo_competencias_id_tipo_competencia_seq OWNER TO postgres;

--
-- TOC entry 2603 (class 0 OID 0)
-- Dependencies: 240
-- Name: tipo_competencias_id_tipo_competencia_seq; Type: SEQUENCE OWNED BY; Schema: public; Owner: postgres
--

ALTER SEQUENCE tipo_competencias_id_tipo_competencia_seq OWNED BY emp_tipo_competencias.id_tipo_competencia;


--
-- TOC entry 2604 (class 0 OID 0)
-- Dependencies: 240
-- Name: tipo_competencias_id_tipo_competencia_seq; Type: SEQUENCE SET; Schema: public; Owner: postgres
--

SELECT pg_catalog.setval('tipo_competencias_id_tipo_competencia_seq', 2, true);


--
-- TOC entry 241 (class 1259 OID 16817)
-- Dependencies: 6 203
-- Name: tipo_establecimiento_id_tipo_establecimiento_seq; Type: SEQUENCE; Schema: public; Owner: postgres
--

CREATE SEQUENCE tipo_establecimiento_id_tipo_establecimiento_seq
    START WITH 1
    INCREMENT BY 1
    NO MINVALUE
    NO MAXVALUE
    CACHE 1;


ALTER TABLE public.tipo_establecimiento_id_tipo_establecimiento_seq OWNER TO postgres;

--
-- TOC entry 2605 (class 0 OID 0)
-- Dependencies: 241
-- Name: tipo_establecimiento_id_tipo_establecimiento_seq; Type: SEQUENCE OWNED BY; Schema: public; Owner: postgres
--

ALTER SEQUENCE tipo_establecimiento_id_tipo_establecimiento_seq OWNED BY emp_tipo_establecimientos.id_tipo_establecimiento;


--
-- TOC entry 2606 (class 0 OID 0)
-- Dependencies: 241
-- Name: tipo_establecimiento_id_tipo_establecimiento_seq; Type: SEQUENCE SET; Schema: public; Owner: postgres
--

SELECT pg_catalog.setval('tipo_establecimiento_id_tipo_establecimiento_seq', 3, true);


--
-- TOC entry 242 (class 1259 OID 16819)
-- Dependencies: 204 6
-- Name: tipo_formulario_id_tipo_seq; Type: SEQUENCE; Schema: public; Owner: postgres
--

CREATE SEQUENCE tipo_formulario_id_tipo_seq
    START WITH 1
    INCREMENT BY 1
    NO MINVALUE
    NO MAXVALUE
    CACHE 1;


ALTER TABLE public.tipo_formulario_id_tipo_seq OWNER TO postgres;

--
-- TOC entry 2607 (class 0 OID 0)
-- Dependencies: 242
-- Name: tipo_formulario_id_tipo_seq; Type: SEQUENCE OWNED BY; Schema: public; Owner: postgres
--

ALTER SEQUENCE tipo_formulario_id_tipo_seq OWNED BY emp_tipos_formularios.id_tipo;


--
-- TOC entry 2608 (class 0 OID 0)
-- Dependencies: 242
-- Name: tipo_formulario_id_tipo_seq; Type: SEQUENCE SET; Schema: public; Owner: postgres
--

SELECT pg_catalog.setval('tipo_formulario_id_tipo_seq', 2, true);


--
-- TOC entry 243 (class 1259 OID 16821)
-- Dependencies: 2279 577 583 6 582 577
-- Name: ubicaciones_geograficas; Type: TABLE; Schema: public; Owner: postgres; Tablespace: 
--

CREATE TABLE ubicaciones_geograficas (
    id_ubicacion_geografica integer NOT NULL,
    id_pais integer,
    id_localidad integer,
    id_departamento integer,
    id_provincia integer,
    fec_registro dfec_modificacion,
    estado did_estado DEFAULT 'A'::text,
    ult_usuario did_usuario,
    id_empleado integer,
    fec_modificacio dfec_modificacion,
    id_municipio integer
);


ALTER TABLE public.ubicaciones_geograficas OWNER TO postgres;

--
-- TOC entry 244 (class 1259 OID 16828)
-- Dependencies: 2280 577 6 577 582 583
-- Name: usr_roles; Type: TABLE; Schema: public; Owner: postgres; Tablespace: 
--

CREATE TABLE usr_roles (
    id_usr_rol integer NOT NULL,
    id_usuario integer,
    id_rol integer,
    fec_registro dfec_modificacion,
    fec_modificacion dfec_modificacion,
    estado did_estado DEFAULT 'A'::text,
    ult_usuario did_usuario
);


ALTER TABLE public.usr_roles OWNER TO postgres;

--
-- TOC entry 245 (class 1259 OID 16835)
-- Dependencies: 6 244
-- Name: usr_roles_id_usr_rol_seq; Type: SEQUENCE; Schema: public; Owner: postgres
--

CREATE SEQUENCE usr_roles_id_usr_rol_seq
    START WITH 1
    INCREMENT BY 1
    NO MINVALUE
    NO MAXVALUE
    CACHE 1;


ALTER TABLE public.usr_roles_id_usr_rol_seq OWNER TO postgres;

--
-- TOC entry 2609 (class 0 OID 0)
-- Dependencies: 245
-- Name: usr_roles_id_usr_rol_seq; Type: SEQUENCE OWNED BY; Schema: public; Owner: postgres
--

ALTER SEQUENCE usr_roles_id_usr_rol_seq OWNED BY usr_roles.id_usr_rol;


--
-- TOC entry 2610 (class 0 OID 0)
-- Dependencies: 245
-- Name: usr_roles_id_usr_rol_seq; Type: SEQUENCE SET; Schema: public; Owner: postgres
--

SELECT pg_catalog.setval('usr_roles_id_usr_rol_seq', 1, true);


--
-- TOC entry 246 (class 1259 OID 16837)
-- Dependencies: 2282 592 582 6 593 577 573 577 593
-- Name: usuarios; Type: TABLE; Schema: public; Owner: postgres; Tablespace: 
--

CREATE TABLE usuarios (
    id_usuario integer NOT NULL,
    usuario dtexto,
    password dtexto2,
    fec_registro dfec_modificacion,
    id_persona dentero,
    id_estado did_estado DEFAULT 'A'::text,
    fec_modificacion dfec_modificacion,
    recordatorio dtexto2
);


ALTER TABLE public.usuarios OWNER TO postgres;

--
-- TOC entry 247 (class 1259 OID 16844)
-- Dependencies: 6 246
-- Name: usuarios_id_usuario_seq; Type: SEQUENCE; Schema: public; Owner: postgres
--

CREATE SEQUENCE usuarios_id_usuario_seq
    START WITH 1
    INCREMENT BY 1
    NO MINVALUE
    NO MAXVALUE
    CACHE 1;


ALTER TABLE public.usuarios_id_usuario_seq OWNER TO postgres;

--
-- TOC entry 2611 (class 0 OID 0)
-- Dependencies: 247
-- Name: usuarios_id_usuario_seq; Type: SEQUENCE OWNED BY; Schema: public; Owner: postgres
--

ALTER SEQUENCE usuarios_id_usuario_seq OWNED BY usuarios.id_usuario;


--
-- TOC entry 2612 (class 0 OID 0)
-- Dependencies: 247
-- Name: usuarios_id_usuario_seq; Type: SEQUENCE SET; Schema: public; Owner: postgres
--

SELECT pg_catalog.setval('usuarios_id_usuario_seq', 1, true);


--
-- TOC entry 248 (class 1259 OID 16846)
-- Dependencies: 2191 592 593 6 593 593 592 573 593 593 593 579 593 593 593
-- Name: vusuario_persona; Type: VIEW; Schema: public; Owner: postgres
--

CREATE VIEW vusuario_persona AS
    SELECT u.id_usuario, u.usuario, u.password, u.recordatorio, p.id_persona, p.nombres, p.paterno, p.materno, p.fec_nacimiento, p.telefono, p.celular, p.correo, p.fax, p.id_identificacion, p.direccion FROM usuarios u, personas p WHERE ((u.id_persona)::integer = p.id_persona);


ALTER TABLE public.vusuario_persona OWNER TO postgres;

--
-- TOC entry 2196 (class 2604 OID 16850)
-- Dependencies: 164 163
-- Name: id_categoria; Type: DEFAULT; Schema: public; Owner: postgres
--

ALTER TABLE ONLY categorias_enlaces ALTER COLUMN id_categoria SET DEFAULT nextval('categorias_enlaces_id_categoria_seq'::regclass);


--
-- TOC entry 2200 (class 2604 OID 16851)
-- Dependencies: 230 167
-- Name: id_departamento; Type: DEFAULT; Schema: public; Owner: postgres
--

ALTER TABLE ONLY departamentos ALTER COLUMN id_departamento SET DEFAULT nextval('prs_departamentos_id_departamento_seq'::regclass);


--
-- TOC entry 2193 (class 2604 OID 16852)
-- Dependencies: 162 161
-- Name: id_cargo; Type: DEFAULT; Schema: public; Owner: postgres
--

ALTER TABLE ONLY emp_cargos ALTER COLUMN id_cargo SET DEFAULT nextval('cargos_id_cargo_seq'::regclass);


--
-- TOC entry 2198 (class 2604 OID 16853)
-- Dependencies: 166 165
-- Name: id_curso_capacitacion; Type: DEFAULT; Schema: public; Owner: postgres
--

ALTER TABLE ONLY emp_cursos_capacitaciones ALTER COLUMN id_curso_capacitacion SET DEFAULT nextval('cursos_capacitaciones_id_curso_capacitacion_seq'::regclass);


--
-- TOC entry 2205 (class 2604 OID 16854)
-- Dependencies: 206 171
-- Name: id_empadronador; Type: DEFAULT; Schema: public; Owner: postgres
--

ALTER TABLE ONLY emp_empadronadores ALTER COLUMN id_empadronador SET DEFAULT nextval('empadronadores_id_empadronador_seq'::regclass);


--
-- TOC entry 2207 (class 2604 OID 16855)
-- Dependencies: 208 172
-- Name: id_empleador; Type: DEFAULT; Schema: public; Owner: postgres
--

ALTER TABLE ONLY emp_empleadores ALTER COLUMN id_empleador SET DEFAULT nextval('empleador_id_empleador_seq'::regclass);


--
-- TOC entry 2210 (class 2604 OID 16856)
-- Dependencies: 207 173
-- Name: id_empleado; Type: DEFAULT; Schema: public; Owner: postgres
--

ALTER TABLE ONLY emp_empleados ALTER COLUMN id_empleado SET DEFAULT nextval('empleado_id_empleado_seq'::regclass);


--
-- TOC entry 2213 (class 2604 OID 16857)
-- Dependencies: 209 175
-- Name: id_empresa; Type: DEFAULT; Schema: public; Owner: postgres
--

ALTER TABLE ONLY emp_empresas ALTER COLUMN id_empresa SET DEFAULT nextval('empresa_id_empresa_seq'::regclass);


--
-- TOC entry 2215 (class 2604 OID 16858)
-- Dependencies: 212 176
-- Name: id_establecimiento; Type: DEFAULT; Schema: public; Owner: postgres
--

ALTER TABLE ONLY emp_establecimientos ALTER COLUMN id_establecimiento SET DEFAULT nextval('establecimientos_id_establecimiento_seq'::regclass);


--
-- TOC entry 2219 (class 2604 OID 16859)
-- Dependencies: 213 179
-- Name: id_formulario; Type: DEFAULT; Schema: public; Owner: postgres
--

ALTER TABLE ONLY emp_formularios ALTER COLUMN id_formulario SET DEFAULT nextval('formularioregistro_id_formulario_seq'::regclass);


--
-- TOC entry 2220 (class 2604 OID 16860)
-- Dependencies: 180 179
-- Name: nro_formulario; Type: DEFAULT; Schema: public; Owner: postgres
--

ALTER TABLE ONLY emp_formularios ALTER COLUMN nro_formulario SET DEFAULT nextval('emp_formularios_nro_formulario_seq'::regclass);


--
-- TOC entry 2226 (class 2604 OID 16861)
-- Dependencies: 214 185
-- Name: id_institucion; Type: DEFAULT; Schema: public; Owner: postgres
--

ALTER TABLE ONLY emp_instituciones ALTER COLUMN id_institucion SET DEFAULT nextval('instituciones_id_institucion_seq'::regclass);


--
-- TOC entry 2228 (class 2604 OID 16862)
-- Dependencies: 221 186
-- Name: id_nivel_formacion; Type: DEFAULT; Schema: public; Owner: postgres
--

ALTER TABLE ONLY emp_niveles_formaciones ALTER COLUMN id_nivel_formacion SET DEFAULT nextval('niveles_fromacion_id_nivel_seq'::regclass);


--
-- TOC entry 2231 (class 2604 OID 16863)
-- Dependencies: 188 187
-- Name: id_oferta_laboral; Type: DEFAULT; Schema: public; Owner: postgres
--

ALTER TABLE ONLY emp_ofertas_laborales ALTER COLUMN id_oferta_laboral SET DEFAULT nextval('emp_ofertas_laborales_id_oferta_laboral_seq'::regclass);


--
-- TOC entry 2234 (class 2604 OID 16864)
-- Dependencies: 227 190
-- Name: id_producto; Type: DEFAULT; Schema: public; Owner: postgres
--

ALTER TABLE ONLY emp_productos ALTER COLUMN id_producto SET DEFAULT nextval('productos_id_producto_seq'::regclass);


--
-- TOC entry 2236 (class 2604 OID 16865)
-- Dependencies: 226 191
-- Name: id_prod_empr; Type: DEFAULT; Schema: public; Owner: postgres
--

ALTER TABLE ONLY emp_productos_empresas ALTER COLUMN id_prod_empr SET DEFAULT nextval('productos_empresa_id_prod_empr_seq'::regclass);


--
-- TOC entry 2239 (class 2604 OID 16866)
-- Dependencies: 195 192
-- Name: id_reunion; Type: DEFAULT; Schema: public; Owner: postgres
--

ALTER TABLE ONLY emp_reuniones ALTER COLUMN id_reunion SET DEFAULT nextval('emp_reuniones_id_reunion_seq'::regclass);


--
-- TOC entry 2241 (class 2604 OID 16867)
-- Dependencies: 237 196
-- Name: id_rubro; Type: DEFAULT; Schema: public; Owner: postgres
--

ALTER TABLE ONLY emp_rubros ALTER COLUMN id_rubro SET DEFAULT nextval('rubros_id_rubro_seq'::regclass);


--
-- TOC entry 2243 (class 2604 OID 16868)
-- Dependencies: 236 197
-- Name: id_rubro_empresa; Type: DEFAULT; Schema: public; Owner: postgres
--

ALTER TABLE ONLY emp_rubros_empresas ALTER COLUMN id_rubro_empresa SET DEFAULT nextval('rubros_empresa_id_rubro_empresa_seq'::regclass);


--
-- TOC entry 2245 (class 2604 OID 16869)
-- Dependencies: 239 198
-- Name: id_servicio ; Type: DEFAULT; Schema: public; Owner: postgres
--

ALTER TABLE ONLY emp_servicios ALTER COLUMN "id_servicio " SET DEFAULT nextval('"servicios_id_servicio _seq"'::regclass);


--
-- TOC entry 2248 (class 2604 OID 16870)
-- Dependencies: 238 199
-- Name: id_serv_emp; Type: DEFAULT; Schema: public; Owner: postgres
--

ALTER TABLE ONLY emp_servicios_empresas ALTER COLUMN id_serv_emp SET DEFAULT nextval('servicios_empresa_id_serv_emp_seq'::regclass);


--
-- TOC entry 2254 (class 2604 OID 16871)
-- Dependencies: 240 202
-- Name: id_tipo_competencia; Type: DEFAULT; Schema: public; Owner: postgres
--

ALTER TABLE ONLY emp_tipo_competencias ALTER COLUMN id_tipo_competencia SET DEFAULT nextval('tipo_competencias_id_tipo_competencia_seq'::regclass);


--
-- TOC entry 2256 (class 2604 OID 16872)
-- Dependencies: 241 203
-- Name: id_tipo_establecimiento; Type: DEFAULT; Schema: public; Owner: postgres
--

ALTER TABLE ONLY emp_tipo_establecimientos ALTER COLUMN id_tipo_establecimiento SET DEFAULT nextval('tipo_establecimiento_id_tipo_establecimiento_seq'::regclass);


--
-- TOC entry 2258 (class 2604 OID 16873)
-- Dependencies: 242 204
-- Name: id_tipo; Type: DEFAULT; Schema: public; Owner: postgres
--

ALTER TABLE ONLY emp_tipos_formularios ALTER COLUMN id_tipo SET DEFAULT nextval('tipo_formulario_id_tipo_seq'::regclass);


--
-- TOC entry 2262 (class 2604 OID 16874)
-- Dependencies: 211 210
-- Name: id_enlace; Type: DEFAULT; Schema: public; Owner: postgres
--

ALTER TABLE ONLY enlaces ALTER COLUMN id_enlace SET DEFAULT nextval('enlaces_id_enlace_seq'::regclass);


--
-- TOC entry 2264 (class 2604 OID 16875)
-- Dependencies: 233 216
-- Name: id_localidad; Type: DEFAULT; Schema: public; Owner: postgres
--

ALTER TABLE ONLY localidades ALTER COLUMN id_localidad SET DEFAULT nextval('prs_localidad_id_localidad_seq'::regclass);


--
-- TOC entry 2266 (class 2604 OID 16876)
-- Dependencies: 218 217
-- Name: id_menu; Type: DEFAULT; Schema: public; Owner: postgres
--

ALTER TABLE ONLY menus ALTER COLUMN id_menu SET DEFAULT nextval('menus_id_menu_seq'::regclass);


--
-- TOC entry 2267 (class 2604 OID 16877)
-- Dependencies: 220 219
-- Name: id_municipio; Type: DEFAULT; Schema: public; Owner: postgres
--

ALTER TABLE ONLY municipios ALTER COLUMN id_municipio SET DEFAULT nextval('municipios_id_municipio_seq'::regclass);


--
-- TOC entry 2269 (class 2604 OID 16878)
-- Dependencies: 223 222
-- Name: id_pais; Type: DEFAULT; Schema: public; Owner: postgres
--

ALTER TABLE ONLY paises ALTER COLUMN id_pais SET DEFAULT nextval('paises_id_pais_seq'::regclass);


--
-- TOC entry 2272 (class 2604 OID 16879)
-- Dependencies: 225 224
-- Name: id_persona; Type: DEFAULT; Schema: public; Owner: postgres
--

ALTER TABLE ONLY personas ALTER COLUMN id_persona SET DEFAULT nextval('persona_id_persona_seq'::regclass);


--
-- TOC entry 2274 (class 2604 OID 16880)
-- Dependencies: 229 228
-- Name: id_provincia; Type: DEFAULT; Schema: public; Owner: postgres
--

ALTER TABLE ONLY provincias ALTER COLUMN id_provincia SET DEFAULT nextval('provincias_id_proivincia_seq'::regclass);


--
-- TOC entry 2278 (class 2604 OID 16881)
-- Dependencies: 235 234
-- Name: id_rol; Type: DEFAULT; Schema: public; Owner: postgres
--

ALTER TABLE ONLY roles ALTER COLUMN id_rol SET DEFAULT nextval('roles_id_rol_seq'::regclass);


--
-- TOC entry 2281 (class 2604 OID 16882)
-- Dependencies: 245 244
-- Name: id_usr_rol; Type: DEFAULT; Schema: public; Owner: postgres
--

ALTER TABLE ONLY usr_roles ALTER COLUMN id_usr_rol SET DEFAULT nextval('usr_roles_id_usr_rol_seq'::regclass);


--
-- TOC entry 2283 (class 2604 OID 16883)
-- Dependencies: 247 246
-- Name: id_usuario; Type: DEFAULT; Schema: public; Owner: postgres
--

ALTER TABLE ONLY usuarios ALTER COLUMN id_usuario SET DEFAULT nextval('usuarios_id_usuario_seq'::regclass);


--
-- TOC entry 2481 (class 0 OID 16427)
-- Dependencies: 163
-- Data for Name: categorias_enlaces; Type: TABLE DATA; Schema: public; Owner: postgres
--

COPY categorias_enlaces (id_categoria, categoria_enlace, orden, estado, fec_registro, fec_modificacion, ult_usuario) FROM stdin;
1	ADMINISTRACION	1	A	2012-07-02 22:31:06.838	2012-07-02 22:31:06.838	1
3	Gestion	1	A	2012-07-19 16:45:36.747	2012-07-19 16:45:36.747	1
\.


--
-- TOC entry 2483 (class 0 OID 16446)
-- Dependencies: 167
-- Data for Name: departamentos; Type: TABLE DATA; Schema: public; Owner: postgres
--

COPY departamentos (id_departamento, departamento, fec_registro, id_pais, sigla, fec_modificacion, ult_usuario, estado) FROM stdin;
1	La Paz	2012-07-02 21:20:27.315	1	Lpz	2012-07-02 21:20:27.315	1	A
2	Tarija	2012-07-06 16:38:57.107	1	Tja	2012-07-06 16:38:57.107	1	A
3	Cochabamba	2012-07-06 16:39:11.829	1	Cbba	2012-07-06 16:39:11.829	1	A
4	Santa Cruz	2012-07-06 16:39:20.485	1	Scz	2012-07-06 16:39:20.485	1	A
5	Beni	2012-07-06 16:39:27.852	1	Ben	2012-07-06 16:39:27.852	1	A
6	Pando	2012-07-06 16:39:35.813	1	Pdo	2012-07-06 16:39:35.813	1	A
7	Oruro	2012-07-06 16:39:42.406	1	Oro	2012-07-06 16:39:42.406	1	A
\.


--
-- TOC entry 2480 (class 0 OID 16418)
-- Dependencies: 161
-- Data for Name: emp_cargos; Type: TABLE DATA; Schema: public; Owner: postgres
--

COPY emp_cargos (id_cargo, cargo, fec_registro, estado, fec_modificacion, ult_usuario) FROM stdin;
4	Promotor de Ventas	2012-07-06 18:12:41.661	A	2012-07-06 18:12:41.661	1
5	Auditora	2012-07-06 18:13:22.104	A	2012-07-06 18:13:22.104	1
6	Contadora	2012-07-06 18:13:28.563	A	2012-07-06 18:13:28.563	1
7	ssss	2012-07-06 18:13:51.339	X	2012-07-06 18:13:51.339	1
8	Carpintero	2012-07-13 13:20:47.375	A	2012-07-13 13:20:47.375	1
9	Gerente Regional	2012-07-17 15:13:39.497	A	2012-07-17 15:13:39.497	1
10	Asistente de Gerencia	2012-07-17 15:14:09.761	A	2012-07-17 15:14:09.761	1
11	Secretaria de la Dir	2012-07-17 15:14:37.373	A	2012-07-17 15:14:37.373	1
\.


--
-- TOC entry 2484 (class 0 OID 16453)
-- Dependencies: 168
-- Data for Name: emp_competencias; Type: TABLE DATA; Schema: public; Owner: postgres
--

COPY emp_competencias (id_competencia, competencia, id_tipo_competencia, fec_registro, fec_modificacion, estado, ult_usuario) FROM stdin;
2	Manejo de Office	1	2012-07-06 12:09:58.994	2012-07-06 12:09:58.994	A	1
1	Cooperativismo	2	2012-07-06 12:02:15.863	2012-07-06 12:02:15.863	X	1
\.


--
-- TOC entry 2482 (class 0 OID 16437)
-- Dependencies: 165
-- Data for Name: emp_cursos_capacitaciones; Type: TABLE DATA; Schema: public; Owner: postgres
--

COPY emp_cursos_capacitaciones (id_curso_capacitacion, curso_capacitacion, fec_registro, fec_modificacion, estado, ult_usuario) FROM stdin;
1	Manejo de Paquetes de Contabilidad	2012-07-13 10:43:26.236	2012-07-13 10:43:26.236	A	1
2	Actualizaciones de Impuestos	2012-07-13 10:43:52.522	2012-07-13 10:43:52.522	A	1
3	Actualizacin Contable	2012-07-13 10:53:48.088	2012-07-13 10:53:48.088	A	1
\.


--
-- TOC entry 2485 (class 0 OID 16463)
-- Dependencies: 170
-- Data for Name: emp_detalles_competencias; Type: TABLE DATA; Schema: public; Owner: postgres
--

COPY emp_detalles_competencias (id_empleado, id_competencia, fecha, id_institucion, estado, fec_registro, fec_modificacion, ult_usuario) FROM stdin;
1	2	1985-02-19	1	A	2012-07-17 15:16:23.25	2012-07-17 15:16:23.25	1
2	2	1985-02-19	1	A	2012-07-17 15:19:37.502	2012-07-17 15:19:37.502	1
3	2	1985-02-19	1	A	2012-07-17 15:20:45.113	2012-07-17 15:20:45.113	1
4	2	1985-02-19	1	A	2012-07-17 15:21:47.169	2012-07-17 15:21:47.169	1
5	2	1985-02-19	1	A	2012-07-17 15:24:32.171	2012-07-17 15:24:32.171	1
\.


--
-- TOC entry 2486 (class 0 OID 16470)
-- Dependencies: 171
-- Data for Name: emp_empadronadores; Type: TABLE DATA; Schema: public; Owner: postgres
--

COPY emp_empadronadores (id_empadronador, fec_registro, id_persona, estado, fec_modificacion, ult_usuario) FROM stdin;
1	2012-07-17 15:20:38.42	1	A	2012-07-17 15:20:38.42	1
\.


--
-- TOC entry 2487 (class 0 OID 16477)
-- Dependencies: 172
-- Data for Name: emp_empleadores; Type: TABLE DATA; Schema: public; Owner: postgres
--

COPY emp_empleadores (id_empleador, firma, id_persona, id_empresa, estado, fec_registro, fec_modificacion, ult_usuario) FROM stdin;
\.


--
-- TOC entry 2488 (class 0 OID 16484)
-- Dependencies: 173
-- Data for Name: emp_empleados; Type: TABLE DATA; Schema: public; Owner: postgres
--

COPY emp_empleados (id_empleado, firma, id_persona, nit, estado, fec_registro, fec_modificacion, ult_usuario, foto, pagina_web, estado_laboral) FROM stdin;
1	\N	4	1845917011	A	2012-07-17 15:16:23.11	2012-07-17 15:16:23.11	1			ST
2	\N	5	1845917011	A	2012-07-17 15:19:37.486	2012-07-17 15:19:37.486	1			ST
3	\N	6	1845917011	A	2012-07-17 15:20:45.113	2012-07-17 15:20:45.113	1			ST
4	\N	7	1845917011	A	2012-07-17 15:21:47.154	2012-07-17 15:21:47.154	1			ST
5	\N	8	1845917011	A	2012-07-17 15:24:32.124	2012-07-17 15:24:32.124	1			ST
\.


--
-- TOC entry 2489 (class 0 OID 16492)
-- Dependencies: 174
-- Data for Name: emp_empleados_empresas; Type: TABLE DATA; Schema: public; Owner: postgres
--

COPY emp_empleados_empresas (id_empleado, id_empresa, id_cargo, id_nivel_frm, salario, estado, fec_registro, fec_modificacion, ult_usuario) FROM stdin;
\.


--
-- TOC entry 2490 (class 0 OID 16499)
-- Dependencies: 175
-- Data for Name: emp_empresas; Type: TABLE DATA; Schema: public; Owner: postgres
--

COPY emp_empresas (id_empresa, fec_registro, fec_modificacion, estado, ult_usuario, logo) FROM stdin;
5	2012-07-06 10:39:56.815	2012-07-06 10:39:56.815	A	1	\N
6	2012-07-06 10:56:19.558	2012-07-06 10:56:19.558	A	1	\N
7	2012-07-06 12:00:25	2012-07-06 12:00:25	A	1	\N
8	2012-07-06 12:00:33.863	2012-07-06 12:00:33.863	A	1	\N
9	2012-07-12 16:31:07.395	2012-07-12 16:31:07.395	A	1	\N
10	2012-07-13 13:23:23.089	2012-07-13 13:23:23.089	A	1	\N
11	2012-07-17 15:13:49.637	2012-07-17 15:13:49.637	A	1	\N
12	2012-07-17 15:14:48.449	2012-07-17 15:14:48.449	A	1	\N
\.


--
-- TOC entry 2491 (class 0 OID 16506)
-- Dependencies: 176
-- Data for Name: emp_establecimientos; Type: TABLE DATA; Schema: public; Owner: postgres
--

COPY emp_establecimientos (id_establecimiento, establecimiento, sigla, fec_registro, estado, id_tipo_est, fec_modificacion, ult_usuario) FROM stdin;
1	Colegio Santa Ana	Santa Ana	2012-07-06 17:29:26.193	A	3	2012-07-06 17:29:26.193	1
2	Universidad Juan Misael Saracho	UAJMS	2012-07-06 17:30:34.511	A	2	2012-07-06 17:30:34.511	1
3	Colegio Nacional San Luis	CNSL	2012-07-06 17:31:47.419	A	3	2012-07-06 17:31:47.419	1
4	Universidad Catolica Bolivia	UCB	2012-07-06 17:32:52.876	A	2	2012-07-06 17:32:52.876	1
5	Colegio Eustaquo Mendez	CEM	2012-07-06 17:36:05.544	A	3	2012-07-06 17:36:05.544	1
43	Colegio de la conchinchina	\N	2012-07-13 12:10:29.538	A	\N	2012-07-13 12:10:29.538	1
44	Colegio de las marianas	\N	2012-07-13 12:14:36.192	A	\N	2012-07-13 12:14:36.192	1
45	0	\N	2012-07-13 12:43:14.93	A	\N	2012-07-13 12:43:14.93	1
46	0	\N	2012-07-13 13:01:27.032	A	\N	2012-07-13 13:01:27.032	1
47	Liceo Tarija	\N	2012-07-17 15:12:46.145	A	\N	2012-07-17 15:12:46.145	1
48	Instituto Tarija	\N	2012-07-17 15:13:13.944	A	\N	2012-07-17 15:13:13.944	1
\.


--
-- TOC entry 2492 (class 0 OID 16513)
-- Dependencies: 177
-- Data for Name: emp_estudios_empleados; Type: TABLE DATA; Schema: public; Owner: postgres
--

COPY emp_estudios_empleados (id_empleado, id_nivel_frm, id_establecimiento, titulo_obtenido, tiempo_estudio, fec_registro, estado, fec_modificacion, ult_usuario) FROM stdin;
1	1	1			2012-07-17 15:16:23.172	A	2012-07-17 15:16:23.172	1
1	2	47			2012-07-17 15:16:23.219	A	2012-07-17 15:16:23.219	1
1	10	48	Secretariado Ejecutivo	1 ao 6 meses	2012-07-17 15:16:23.219	A	2012-07-17 15:16:23.219	1
2	1	1			2012-07-17 15:19:37.486	A	2012-07-17 15:19:37.486	1
2	2	47			2012-07-17 15:19:37.486	A	2012-07-17 15:19:37.486	1
2	10	48	Secretariado Ejecutivo	1 ao 6 meses	2012-07-17 15:19:37.502	A	2012-07-17 15:19:37.502	1
3	1	1			2012-07-17 15:20:45.113	A	2012-07-17 15:20:45.113	1
3	2	47			2012-07-17 15:20:45.113	A	2012-07-17 15:20:45.113	1
3	10	48	Secretariado Ejecutivo	1 ao 6 meses	2012-07-17 15:20:45.113	A	2012-07-17 15:20:45.113	1
4	1	1			2012-07-17 15:21:47.169	A	2012-07-17 15:21:47.169	1
4	2	47			2012-07-17 15:21:47.169	A	2012-07-17 15:21:47.169	1
4	10	48	Secretariado Ejecutivo	1 ao 6 meses	2012-07-17 15:21:47.169	A	2012-07-17 15:21:47.169	1
5	1	1			2012-07-17 15:24:32.155	A	2012-07-17 15:24:32.155	1
5	2	47			2012-07-17 15:24:32.155	A	2012-07-17 15:24:32.155	1
5	10	48	Secretariado Ejecutivo	1 ao 6 meses	2012-07-17 15:24:32.155	A	2012-07-17 15:24:32.155	1
\.


--
-- TOC entry 2493 (class 0 OID 16520)
-- Dependencies: 178
-- Data for Name: emp_experiencias_laborales; Type: TABLE DATA; Schema: public; Owner: postgres
--

COPY emp_experiencias_laborales (id_empleado, id_empresa, id_cargo, tiempo_trabajo, fec_registro, fec_modificacion, estado, ult_usuario) FROM stdin;
1	\N	9	7	2012-07-17 15:16:23.235	2012-07-17 15:16:23.235	A	1
1	\N	10	5	2012-07-17 15:16:23.235	2012-07-17 15:16:23.235	A	1
1	\N	11	12	2012-07-17 15:16:23.235	2012-07-17 15:16:23.235	A	1
2	\N	9	7	2012-07-17 15:19:37.502	2012-07-17 15:19:37.502	A	1
2	\N	10	5	2012-07-17 15:19:37.502	2012-07-17 15:19:37.502	A	1
2	\N	11	12	2012-07-17 15:19:37.502	2012-07-17 15:19:37.502	A	1
3	\N	9	7	2012-07-17 15:20:45.113	2012-07-17 15:20:45.113	A	1
3	\N	10	5	2012-07-17 15:20:45.113	2012-07-17 15:20:45.113	A	1
3	\N	11	12	2012-07-17 15:20:45.113	2012-07-17 15:20:45.113	A	1
4	\N	9	7	2012-07-17 15:21:47.169	2012-07-17 15:21:47.169	A	1
4	\N	10	5	2012-07-17 15:21:47.169	2012-07-17 15:21:47.169	A	1
4	\N	11	12	2012-07-17 15:21:47.169	2012-07-17 15:21:47.169	A	1
5	\N	9	7	2012-07-17 15:24:32.155	2012-07-17 15:24:32.155	A	1
5	\N	10	5	2012-07-17 15:24:32.171	2012-07-17 15:24:32.171	A	1
5	\N	11	12	2012-07-17 15:24:32.171	2012-07-17 15:24:32.171	A	1
\.


--
-- TOC entry 2494 (class 0 OID 16527)
-- Dependencies: 179
-- Data for Name: emp_formularios; Type: TABLE DATA; Schema: public; Owner: postgres
--

COPY emp_formularios (id_formulario, gestion, fec_registro, fec_modificacion, estado, id_tipo, id_persona, id_empadronador, observacion, ult_usuario, nro_formulario, serie, req_contratacion) FROM stdin;
3	2012	2012-07-17 15:20:45.128	2012-07-17 15:20:45.128	A	1	6	1	Interesada en becas	1	3	FF-PE-02/2012	\N
4	2012	2012-07-17 15:21:47.169	2012-07-17 15:21:47.169	A	1	7	1	Interesada en becas	1	4	FF-PE-02/2012	\N
5	2012	2012-07-17 15:24:32.187	2012-07-17 15:24:32.187	A	1	8	1	Interesada en becas	1	5	FF-PE-02/2012	\N
\.


--
-- TOC entry 2495 (class 0 OID 16536)
-- Dependencies: 181
-- Data for Name: emp_frm_cargos; Type: TABLE DATA; Schema: public; Owner: postgres
--

COPY emp_frm_cargos (id_formulario, id_cargo, fec_registro, fec_modificacion, estado, ult_usuario) FROM stdin;
4	4	2012-07-17 15:21:47.185	2012-07-17 15:21:47.185	A	1
5	4	2012-07-17 15:24:32.187	2012-07-17 15:24:32.187	A	1
\.


--
-- TOC entry 2496 (class 0 OID 16543)
-- Dependencies: 182
-- Data for Name: emp_frm_cursos_capacitaciones; Type: TABLE DATA; Schema: public; Owner: postgres
--

COPY emp_frm_cursos_capacitaciones (id_curso_capacitacion, id_formulario, fec_registro, fec_modificacion, estado, ult_usuario) FROM stdin;
2	5	2012-07-17 15:24:32.187	2012-07-17 15:24:32.187	A	1
\.


--
-- TOC entry 2497 (class 0 OID 16550)
-- Dependencies: 183
-- Data for Name: emp_frm_niveles_establecimientos; Type: TABLE DATA; Schema: public; Owner: postgres
--

COPY emp_frm_niveles_establecimientos (id_nivel_formacion, id_establecimiento, fec_registro, fec_modificacion, estado, ult_usuario) FROM stdin;
\.


--
-- TOC entry 2498 (class 0 OID 16557)
-- Dependencies: 184
-- Data for Name: emp_frm_titulos; Type: TABLE DATA; Schema: public; Owner: postgres
--

COPY emp_frm_titulos (id_formulario, id_titulo, fec_registro, fec_modificacion, estado, ult_usuario) FROM stdin;
\.


--
-- TOC entry 2499 (class 0 OID 16564)
-- Dependencies: 185
-- Data for Name: emp_instituciones; Type: TABLE DATA; Schema: public; Owner: postgres
--

COPY emp_instituciones (id_institucion, institucion, sigla, fec_registro, fec_modificacion, estado, ult_usuario) FROM stdin;
1	Ministerio de Trabajo	MinTra	2012-07-06 12:28:09.571	2012-07-06 12:28:09.571	A	1
\.


--
-- TOC entry 2500 (class 0 OID 16571)
-- Dependencies: 186
-- Data for Name: emp_niveles_formaciones; Type: TABLE DATA; Schema: public; Owner: postgres
--

COPY emp_niveles_formaciones (id_nivel_formacion, nivel_formacion, fec_registro, estado, fec_modificacion, ult_usuario) FROM stdin;
5	Universidad	2012-07-06 16:54:08.784	A	2012-07-06 16:54:08.784	1
6	Post Grado	2012-07-06 16:55:09.795	A	2012-07-06 16:55:09.795	1
9	Doctorado	2012-07-06 16:56:03.717	A	2012-07-06 16:56:03.717	1
10	Otros	2012-07-06 16:56:10.82	A	2012-07-06 16:56:10.82	1
8	Maestria	2012-07-06 16:55:50.542	A	2012-07-06 16:55:50.542	1
2	Secundaria	2012-07-06 16:53:51.055	A	2012-07-06 16:53:51.055	1
1	Primaria	2012-07-06 16:53:14.112	A	2012-07-06 16:53:14.112	1
4	Tecnico	2012-07-06 16:54:01.76	A	2012-07-06 16:54:01.76	1
\.


--
-- TOC entry 2501 (class 0 OID 16578)
-- Dependencies: 187
-- Data for Name: emp_ofertas_laborales; Type: TABLE DATA; Schema: public; Owner: postgres
--

COPY emp_ofertas_laborales (id_oferta_laboral, ofeta_laboral, detalle, vigente, sueldo, id_empleador, estado, fec_registro, fec_modificacion, ult_usuario, fecha_fin) FROM stdin;
\.


--
-- TOC entry 2502 (class 0 OID 16588)
-- Dependencies: 189
-- Data for Name: emp_ofertas_rubros; Type: TABLE DATA; Schema: public; Owner: postgres
--

COPY emp_ofertas_rubros (id_oferta_laboral, id_rubro, fec_registro, fec_modificacion, estado, ult_usuario) FROM stdin;
\.


--
-- TOC entry 2503 (class 0 OID 16595)
-- Dependencies: 190
-- Data for Name: emp_productos; Type: TABLE DATA; Schema: public; Owner: postgres
--

COPY emp_productos (id_producto, producto, fec_registro, detalle, fec_modificacion, estado, ult_usuario) FROM stdin;
\.


--
-- TOC entry 2504 (class 0 OID 16602)
-- Dependencies: 191
-- Data for Name: emp_productos_empresas; Type: TABLE DATA; Schema: public; Owner: postgres
--

COPY emp_productos_empresas (id_producto, id_empresa, fec_registro, estado, id_prod_empr, id_rubro, cantidad, gestion, fec_modificacion, ult_usuario) FROM stdin;
\.


--
-- TOC entry 2505 (class 0 OID 16609)
-- Dependencies: 192
-- Data for Name: emp_reuniones; Type: TABLE DATA; Schema: public; Owner: postgres
--

COPY emp_reuniones (id_reunion, reunion, detalle, fecha_reunion, fec_registro, fec_modificacion, estado, vigente, id_persona, ult_usuario) FROM stdin;
\.


--
-- TOC entry 2506 (class 0 OID 16617)
-- Dependencies: 193
-- Data for Name: emp_reuniones_empleadores; Type: TABLE DATA; Schema: public; Owner: postgres
--

COPY emp_reuniones_empleadores (id_reunion, id_empleador, observacion, fec_registro, fec_modificacion, estado, ult_usuario) FROM stdin;
\.


--
-- TOC entry 2507 (class 0 OID 16623)
-- Dependencies: 194
-- Data for Name: emp_reuniones_empleados; Type: TABLE DATA; Schema: public; Owner: postgres
--

COPY emp_reuniones_empleados (id_empleado, id_reunion, observacion, fec_registro, fec_modificacion, estado, ult_usuario) FROM stdin;
\.


--
-- TOC entry 2508 (class 0 OID 16631)
-- Dependencies: 196
-- Data for Name: emp_rubros; Type: TABLE DATA; Schema: public; Owner: postgres
--

COPY emp_rubros (id_rubro, rubro, sigla, fec_registro, fec_modificacion, ult_usuario, estado) FROM stdin;
\.


--
-- TOC entry 2509 (class 0 OID 16638)
-- Dependencies: 197
-- Data for Name: emp_rubros_empresas; Type: TABLE DATA; Schema: public; Owner: postgres
--

COPY emp_rubros_empresas (id_rubro, id_empresa, id_rubro_empresa, estado, fec_registro, fec_modificacion, ult_usuario) FROM stdin;
\.


--
-- TOC entry 2510 (class 0 OID 16645)
-- Dependencies: 198
-- Data for Name: emp_servicios; Type: TABLE DATA; Schema: public; Owner: postgres
--

COPY emp_servicios ("id_servicio ", servicio, fecha_registro, estado, fec_modificacion, ult_usuario) FROM stdin;
\.


--
-- TOC entry 2511 (class 0 OID 16652)
-- Dependencies: 199
-- Data for Name: emp_servicios_empresas; Type: TABLE DATA; Schema: public; Owner: postgres
--

COPY emp_servicios_empresas (id_empresa, id_servicio, fecha_registro, estado, id_serv_emp, id_rubro, cantidad, gestion, fec_modificacion, ult_usuario) FROM stdin;
\.


--
-- TOC entry 2512 (class 0 OID 16660)
-- Dependencies: 200
-- Data for Name: emp_sucursales; Type: TABLE DATA; Schema: public; Owner: postgres
--

COPY emp_sucursales (id_sucursal, sucursal, direccion, nro_fundo_empresa, nro_codeco, telefono, celular, fax, email, pagina_web, nro_empleados, fecha_inicio_empresa, tipo_sucursal, id_empresa, fec_registro, fec_modificacion, ult_usuario, estado, id_pais, id_departamento, id_provincia, id_localidad, id_municipio) FROM stdin;
2	adfa	adfa			22333					323	2012-07-17	1	5	2012-07-06 10:39:56.817	2012-07-06 10:39:56.817	1	A	1	1	1	1	1
3	SinapSysIT	Barrio Morros Blancos	53	43	66-45655	76188392		webtarija@gmail.com	www.sinapsysit.com	32	2007-07-12	1	6	2012-07-06 10:56:19.574	2012-07-06 10:56:19.574	1	X	1	2	1	1	1
4	Prometa	Barrio Las panosas	773892	33234	78944564				www.prometa.org	3	1984-07-10	1	9	2012-07-12 16:31:07.512	2012-07-12 16:31:07.512	1	A	1	1	1	1	1
5	Fundacin Fautapo	\N	\N	\N	\N	\N	\N	\N	\N	\N	\N	1	10	2012-07-13 13:23:23.192	2012-07-13 13:23:23.192	1	A	1	\N	\N	\N	\N
6	Satelite	\N	\N	\N	\N	\N	\N	\N	\N	\N	\N	1	11	2012-07-17 15:13:49.684	2012-07-17 15:13:49.684	1	A	1	\N	\N	\N	\N
7	Hospital San Juan de Dios	\N	\N	\N	\N	\N	\N	\N	\N	\N	\N	1	12	2012-07-17 15:14:48.449	2012-07-17 15:14:48.449	1	A	1	\N	\N	\N	\N
\.


--
-- TOC entry 2513 (class 0 OID 16672)
-- Dependencies: 202
-- Data for Name: emp_tipo_competencias; Type: TABLE DATA; Schema: public; Owner: postgres
--

COPY emp_tipo_competencias (id_tipo_competencia, tipo_competencia, fec_registro, estado, fec_modificacion, ult_usuario) FROM stdin;
1	cursos	2012-07-06 11:59:06.28	A	2012-07-06 11:59:06.28	1
2	habilidades	2012-07-06 11:59:17.272	A	2012-07-06 11:59:17.272	1
\.


--
-- TOC entry 2514 (class 0 OID 16679)
-- Dependencies: 203
-- Data for Name: emp_tipo_establecimientos; Type: TABLE DATA; Schema: public; Owner: postgres
--

COPY emp_tipo_establecimientos (id_tipo_establecimiento, tipo_establecimiento, fec_registro, estado, fec_modificacion, ult_usuario) FROM stdin;
1	Instituto	2012-07-06 17:11:13.502	A	2012-07-06 17:11:13.502	1
2	Universidad	2012-07-06 17:11:30.988	A	2012-07-06 17:11:30.988	1
3	Colegio	2012-07-06 17:29:07.107	A	2012-07-06 17:29:07.107	1
\.


--
-- TOC entry 2515 (class 0 OID 16686)
-- Dependencies: 204
-- Data for Name: emp_tipos_formularios; Type: TABLE DATA; Schema: public; Owner: postgres
--

COPY emp_tipos_formularios (id_tipo, tipo_formulario, fec_registro, fec_modificacion, estado, ult_usuario) FROM stdin;
1	Empleado	2012-07-17 15:19:22.37	2012-07-17 15:19:22.37	A	1
2	Empleador	2012-07-17 15:19:28.485	2012-07-17 15:19:28.485	A	1
\.


--
-- TOC entry 2516 (class 0 OID 16693)
-- Dependencies: 205
-- Data for Name: emp_titulos; Type: TABLE DATA; Schema: public; Owner: postgres
--

COPY emp_titulos (id_titulo, titulo, fec_registro, fec_modificacion, estado, ult_usuario) FROM stdin;
\.


--
-- TOC entry 2517 (class 0 OID 16708)
-- Dependencies: 210
-- Data for Name: enlaces; Type: TABLE DATA; Schema: public; Owner: postgres
--

COPY enlaces (id_enlace, enlace, estado, fec_registro, fec_modificacion, ult_usuario, ruta_enlace, orden, id_categoria, id_padre_enlace) FROM stdin;
1	ABM enlaces	A	2012-07-19 17:06:47.576	2012-07-19 17:06:47.576	1	enlaces/abm	1	3	0
2	ABM Roles	A	2012-07-19 17:07:29.463	2012-07-19 17:07:29.463	1	roles/abm	1	3	0
\.


--
-- TOC entry 2518 (class 0 OID 16726)
-- Dependencies: 216
-- Data for Name: localidades; Type: TABLE DATA; Schema: public; Owner: postgres
--

COPY localidades (id_localidad, localidad, estado, id_provincia, fec_registro, fec_modificacion, ult_usuario) FROM stdin;
1	Murillo	A	1	2012-07-02 21:24:21.987	2012-07-02 21:24:21.987	1
\.


--
-- TOC entry 2519 (class 0 OID 16733)
-- Dependencies: 217
-- Data for Name: menus; Type: TABLE DATA; Schema: public; Owner: postgres
--

COPY menus (id_menu, id_rol, id_enlace, estado, fec_registro, fec_modificacion, ult_usuario) FROM stdin;
1	1	1	A	2012-07-19 18:46:05.976	2012-07-19 18:46:05.976	1
2	1	2	A	2012-07-19 18:46:06.003	2012-07-19 18:46:06.003	1
3	1	1	A	2012-07-19 18:48:05.593	2012-07-19 18:48:05.593	1
4	1	2	A	2012-07-19 18:48:05.612	2012-07-19 18:48:05.612	1
\.


--
-- TOC entry 2520 (class 0 OID 16742)
-- Dependencies: 219
-- Data for Name: municipios; Type: TABLE DATA; Schema: public; Owner: postgres
--

COPY municipios (id_municipio, id_localidad, municipio, sigla, estado, fec_registro, fec_modificacion, ult_usuario) FROM stdin;
1	1	La Paz	Lpz	\N	2012-07-02 21:46:46.687	2012-07-02 21:46:46.687	1
\.


--
-- TOC entry 2521 (class 0 OID 16752)
-- Dependencies: 222
-- Data for Name: paises; Type: TABLE DATA; Schema: public; Owner: postgres
--

COPY paises (id_pais, pais, fec_registro, nacionalidad, fec_modificacion, ult_usuario, estado) FROM stdin;
4	Argentina	2012-07-03 17:11:50.152	<p>Argentinos</p>	2012-07-03 17:11:50.152	1	A
7	Venezuela	2012-07-04 17:35:18.171	Venezolano	2012-07-04 19:50:00	1	A
8	Brazil	2012-07-04 17:58:14.978	Brasileo	2012-07-04 17:58:14.978	1	A
1	Bolivia	2012-07-02 21:18:31.013	<p>Bolivianos</p>	2012-07-02 21:18:31.013	1	A
6	Peru	2012-07-04 17:14:55.115	<p>Peruanosss</p>	2012-07-04 00:00:00	1	X
\.


--
-- TOC entry 2522 (class 0 OID 16761)
-- Dependencies: 224
-- Data for Name: personas; Type: TABLE DATA; Schema: public; Owner: postgres
--

COPY personas (id_persona, nombres, paterno, materno, fec_nacimiento, telefono, celular, correo, fax, id_identificacion, direccion, ult_usuario, fec_registro, fec_modificacion, id_pais, id_departamento, id_provincia, id_localidad, id_sexo) FROM stdin;
1	Josue	Mancilla	Gordillo	1000-01-01					1		1	2012-07-02 21:40:19.577	2012-07-02 21:40:19.577	1	1	1	1	M
4	Olga Roly	Prado	Flores	1975-02-12	6631716	73498834	rolyprado@hotmail.com		4	Catedral Av. Principal Manzano M#7	1	2012-07-17 15:16:23.094	2012-07-17 15:16:23.094	1	2	\N	\N	F
5	Olga Roly	Prado	Flores	1975-02-12	6631716	73498834	rolyprado@hotmail.com		5	Catedral Av. Principal Manzano M#7	1	2012-07-17 15:19:37.455	2012-07-17 15:19:37.455	1	2	\N	\N	F
6	Olga Roly	Prado	Flores	1975-02-12	6631716	73498834	rolyprado@hotmail.com		6	Catedral Av. Principal Manzano M#7	1	2012-07-17 15:20:45.081	2012-07-17 15:20:45.081	1	2	\N	\N	F
7	Olga Roly	Prado	Flores	1975-02-12	6631716	73498834	rolyprado@hotmail.com		7	Catedral Av. Principal Manzano M#7	1	2012-07-17 15:21:47.154	2012-07-17 15:21:47.154	1	2	\N	\N	F
8	Olga Roly	Prado	Flores	1975-02-12	6631716	73498834	rolyprado@hotmail.com		8	Catedral Av. Principal Manzano M#7	1	2012-07-17 15:24:32.124	2012-07-17 15:24:32.124	1	2	\N	\N	F
\.


--
-- TOC entry 2523 (class 0 OID 16775)
-- Dependencies: 228
-- Data for Name: provincias; Type: TABLE DATA; Schema: public; Owner: postgres
--

COPY provincias (id_provincia, provincia, id_departamento, fec_registro, fec_modificacion, ult_usuario, estado) FROM stdin;
1	Murillo	1	2012-07-02 21:22:20.317	2012-07-02 21:22:20.317	1	A
\.


--
-- TOC entry 2524 (class 0 OID 16786)
-- Dependencies: 231
-- Data for Name: prs_identificaciones; Type: TABLE DATA; Schema: public; Owner: postgres
--

COPY prs_identificaciones (id_idenficacion, ci, id_departamento, fec_registro, fec_modificacion, estado, ult_usuario) FROM stdin;
1	5781310	1	2012-07-02 21:31:16.209	2012-07-02 21:31:16.209	A	1
2	234	1	2012-07-17 14:28:38.956	2012-07-17 14:28:38.956	A	1
3	1845917	2	2012-07-17 15:15:27.496	2012-07-17 15:15:27.496	A	1
4	1845917	2	2012-07-17 15:16:23.094	2012-07-17 15:16:23.094	A	1
5	1845917	2	2012-07-17 15:19:37.44	2012-07-17 15:19:37.44	A	1
6	1845917	2	2012-07-17 15:20:45.081	2012-07-17 15:20:45.081	A	1
7	1845917	2	2012-07-17 15:21:47.154	2012-07-17 15:21:47.154	A	1
8	1845917	2	2012-07-17 15:24:32.109	2012-07-17 15:24:32.109	A	1
\.


--
-- TOC entry 2525 (class 0 OID 16798)
-- Dependencies: 234
-- Data for Name: roles; Type: TABLE DATA; Schema: public; Owner: postgres
--

COPY roles (id_rol, rol, estado, fec_registro, fec_modificacion, ult_usuario) FROM stdin;
1	Administrador	A	2012-07-02 22:11:56.457	2012-07-02 22:11:56.457	1
2	Educador	A	2012-07-19 16:39:11.116	2012-07-19 16:39:11.116	1
3	Autoridad	A	2012-07-19 16:39:28.242	2012-07-19 16:39:28.242	1
\.


--
-- TOC entry 2526 (class 0 OID 16821)
-- Dependencies: 243
-- Data for Name: ubicaciones_geograficas; Type: TABLE DATA; Schema: public; Owner: postgres
--

COPY ubicaciones_geograficas (id_ubicacion_geografica, id_pais, id_localidad, id_departamento, id_provincia, fec_registro, estado, ult_usuario, id_empleado, fec_modificacio, id_municipio) FROM stdin;
\.


--
-- TOC entry 2527 (class 0 OID 16828)
-- Dependencies: 244
-- Data for Name: usr_roles; Type: TABLE DATA; Schema: public; Owner: postgres
--

COPY usr_roles (id_usr_rol, id_usuario, id_rol, fec_registro, fec_modificacion, estado, ult_usuario) FROM stdin;
1	1	1	2012-07-02 22:13:00.118	2012-07-02 22:13:00.118	A	1
\.


--
-- TOC entry 2528 (class 0 OID 16837)
-- Dependencies: 246
-- Data for Name: usuarios; Type: TABLE DATA; Schema: public; Owner: postgres
--

COPY usuarios (id_usuario, usuario, password, fec_registro, id_persona, id_estado, fec_modificacion, recordatorio) FROM stdin;
1	josue	josues	2012-07-02 21:12:51.549	1	A	2012-07-02 21:12:51.549	
\.


--
-- TOC entry 2285 (class 2606 OID 16885)
-- Dependencies: 161 161
-- Name: cargos_pkey; Type: CONSTRAINT; Schema: public; Owner: postgres; Tablespace: 
--

ALTER TABLE ONLY emp_cargos
    ADD CONSTRAINT cargos_pkey PRIMARY KEY (id_cargo);


--
-- TOC entry 2287 (class 2606 OID 16887)
-- Dependencies: 163 163
-- Name: categorias_enlaces_pkey; Type: CONSTRAINT; Schema: public; Owner: postgres; Tablespace: 
--

ALTER TABLE ONLY categorias_enlaces
    ADD CONSTRAINT categorias_enlaces_pkey PRIMARY KEY (id_categoria);


--
-- TOC entry 2293 (class 2606 OID 16889)
-- Dependencies: 168 168
-- Name: competencias_pkey; Type: CONSTRAINT; Schema: public; Owner: postgres; Tablespace: 
--

ALTER TABLE ONLY emp_competencias
    ADD CONSTRAINT competencias_pkey PRIMARY KEY (id_competencia);


--
-- TOC entry 2289 (class 2606 OID 16891)
-- Dependencies: 165 165
-- Name: cursos_capacitaciones_pkey; Type: CONSTRAINT; Schema: public; Owner: postgres; Tablespace: 
--

ALTER TABLE ONLY emp_cursos_capacitaciones
    ADD CONSTRAINT cursos_capacitaciones_pkey PRIMARY KEY (id_curso_capacitacion);


--
-- TOC entry 2313 (class 2606 OID 16893)
-- Dependencies: 187 187
-- Name: emp_ofertas_laborales_pkey; Type: CONSTRAINT; Schema: public; Owner: postgres; Tablespace: 
--

ALTER TABLE ONLY emp_ofertas_laborales
    ADD CONSTRAINT emp_ofertas_laborales_pkey PRIMARY KEY (id_oferta_laboral);


--
-- TOC entry 2319 (class 2606 OID 16895)
-- Dependencies: 192 192
-- Name: emp_reuniones_pkey; Type: CONSTRAINT; Schema: public; Owner: postgres; Tablespace: 
--

ALTER TABLE ONLY emp_reuniones
    ADD CONSTRAINT emp_reuniones_pkey PRIMARY KEY (id_reunion);


--
-- TOC entry 2295 (class 2606 OID 16897)
-- Dependencies: 171 171
-- Name: empadronadores_pkey; Type: CONSTRAINT; Schema: public; Owner: postgres; Tablespace: 
--

ALTER TABLE ONLY emp_empadronadores
    ADD CONSTRAINT empadronadores_pkey PRIMARY KEY (id_empadronador);


--
-- TOC entry 2299 (class 2606 OID 16899)
-- Dependencies: 173 173
-- Name: empleado_pkey; Type: CONSTRAINT; Schema: public; Owner: postgres; Tablespace: 
--

ALTER TABLE ONLY emp_empleados
    ADD CONSTRAINT empleado_pkey PRIMARY KEY (id_empleado);


--
-- TOC entry 2297 (class 2606 OID 16901)
-- Dependencies: 172 172
-- Name: empleador_pkey; Type: CONSTRAINT; Schema: public; Owner: postgres; Tablespace: 
--

ALTER TABLE ONLY emp_empleadores
    ADD CONSTRAINT empleador_pkey PRIMARY KEY (id_empleador);


--
-- TOC entry 2301 (class 2606 OID 16903)
-- Dependencies: 175 175
-- Name: empresa_pkey; Type: CONSTRAINT; Schema: public; Owner: postgres; Tablespace: 
--

ALTER TABLE ONLY emp_empresas
    ADD CONSTRAINT empresa_pkey PRIMARY KEY (id_empresa);


--
-- TOC entry 2339 (class 2606 OID 16905)
-- Dependencies: 210 210
-- Name: enlaces_pkey; Type: CONSTRAINT; Schema: public; Owner: postgres; Tablespace: 
--

ALTER TABLE ONLY enlaces
    ADD CONSTRAINT enlaces_pkey PRIMARY KEY (id_enlace);


--
-- TOC entry 2303 (class 2606 OID 16907)
-- Dependencies: 176 176
-- Name: establecimientos_pkey; Type: CONSTRAINT; Schema: public; Owner: postgres; Tablespace: 
--

ALTER TABLE ONLY emp_establecimientos
    ADD CONSTRAINT establecimientos_pkey PRIMARY KEY (id_establecimiento);


--
-- TOC entry 2305 (class 2606 OID 16909)
-- Dependencies: 179 179
-- Name: formularioregistro_pkey; Type: CONSTRAINT; Schema: public; Owner: postgres; Tablespace: 
--

ALTER TABLE ONLY emp_formularios
    ADD CONSTRAINT formularioregistro_pkey PRIMARY KEY (id_formulario);


--
-- TOC entry 2307 (class 2606 OID 16911)
-- Dependencies: 182 182 182
-- Name: frm_cursos_capacitaciones_pkey; Type: CONSTRAINT; Schema: public; Owner: postgres; Tablespace: 
--

ALTER TABLE ONLY emp_frm_cursos_capacitaciones
    ADD CONSTRAINT frm_cursos_capacitaciones_pkey PRIMARY KEY (id_curso_capacitacion, id_formulario);


--
-- TOC entry 2309 (class 2606 OID 16913)
-- Dependencies: 185 185
-- Name: instituciones_pkey; Type: CONSTRAINT; Schema: public; Owner: postgres; Tablespace: 
--

ALTER TABLE ONLY emp_instituciones
    ADD CONSTRAINT instituciones_pkey PRIMARY KEY (id_institucion);


--
-- TOC entry 2343 (class 2606 OID 16915)
-- Dependencies: 217 217
-- Name: menus_pkey; Type: CONSTRAINT; Schema: public; Owner: postgres; Tablespace: 
--

ALTER TABLE ONLY menus
    ADD CONSTRAINT menus_pkey PRIMARY KEY (id_menu);


--
-- TOC entry 2345 (class 2606 OID 16917)
-- Dependencies: 219 219
-- Name: municipios_pkey; Type: CONSTRAINT; Schema: public; Owner: postgres; Tablespace: 
--

ALTER TABLE ONLY municipios
    ADD CONSTRAINT municipios_pkey PRIMARY KEY (id_municipio);


--
-- TOC entry 2311 (class 2606 OID 16919)
-- Dependencies: 186 186
-- Name: niveles_fromacion_pkey; Type: CONSTRAINT; Schema: public; Owner: postgres; Tablespace: 
--

ALTER TABLE ONLY emp_niveles_formaciones
    ADD CONSTRAINT niveles_fromacion_pkey PRIMARY KEY (id_nivel_formacion);


--
-- TOC entry 2347 (class 2606 OID 16921)
-- Dependencies: 222 222
-- Name: paises_pkey; Type: CONSTRAINT; Schema: public; Owner: postgres; Tablespace: 
--

ALTER TABLE ONLY paises
    ADD CONSTRAINT paises_pkey PRIMARY KEY (id_pais);


--
-- TOC entry 2349 (class 2606 OID 16923)
-- Dependencies: 224 224
-- Name: persona_pkey; Type: CONSTRAINT; Schema: public; Owner: postgres; Tablespace: 
--

ALTER TABLE ONLY personas
    ADD CONSTRAINT persona_pkey PRIMARY KEY (id_persona);


--
-- TOC entry 2317 (class 2606 OID 16925)
-- Dependencies: 191 191
-- Name: productos_empresa_pkey; Type: CONSTRAINT; Schema: public; Owner: postgres; Tablespace: 
--

ALTER TABLE ONLY emp_productos_empresas
    ADD CONSTRAINT productos_empresa_pkey PRIMARY KEY (id_prod_empr);


--
-- TOC entry 2315 (class 2606 OID 16927)
-- Dependencies: 190 190
-- Name: productos_pkey; Type: CONSTRAINT; Schema: public; Owner: postgres; Tablespace: 
--

ALTER TABLE ONLY emp_productos
    ADD CONSTRAINT productos_pkey PRIMARY KEY (id_producto);


--
-- TOC entry 2351 (class 2606 OID 16929)
-- Dependencies: 228 228
-- Name: provincias_pkey; Type: CONSTRAINT; Schema: public; Owner: postgres; Tablespace: 
--

ALTER TABLE ONLY provincias
    ADD CONSTRAINT provincias_pkey PRIMARY KEY (id_provincia);


--
-- TOC entry 2291 (class 2606 OID 16931)
-- Dependencies: 167 167
-- Name: prs_departamentos_pkey; Type: CONSTRAINT; Schema: public; Owner: postgres; Tablespace: 
--

ALTER TABLE ONLY departamentos
    ADD CONSTRAINT prs_departamentos_pkey PRIMARY KEY (id_departamento);


--
-- TOC entry 2353 (class 2606 OID 16933)
-- Dependencies: 231 231
-- Name: prs_identificaciones_pkey; Type: CONSTRAINT; Schema: public; Owner: postgres; Tablespace: 
--

ALTER TABLE ONLY prs_identificaciones
    ADD CONSTRAINT prs_identificaciones_pkey PRIMARY KEY (id_idenficacion);


--
-- TOC entry 2341 (class 2606 OID 16935)
-- Dependencies: 216 216
-- Name: prs_localidad_pkey; Type: CONSTRAINT; Schema: public; Owner: postgres; Tablespace: 
--

ALTER TABLE ONLY localidades
    ADD CONSTRAINT prs_localidad_pkey PRIMARY KEY (id_localidad);


--
-- TOC entry 2355 (class 2606 OID 16937)
-- Dependencies: 234 234
-- Name: roles_pkey; Type: CONSTRAINT; Schema: public; Owner: postgres; Tablespace: 
--

ALTER TABLE ONLY roles
    ADD CONSTRAINT roles_pkey PRIMARY KEY (id_rol);


--
-- TOC entry 2323 (class 2606 OID 16939)
-- Dependencies: 197 197
-- Name: rubros_empresa_pkey; Type: CONSTRAINT; Schema: public; Owner: postgres; Tablespace: 
--

ALTER TABLE ONLY emp_rubros_empresas
    ADD CONSTRAINT rubros_empresa_pkey PRIMARY KEY (id_rubro_empresa);


--
-- TOC entry 2321 (class 2606 OID 16941)
-- Dependencies: 196 196
-- Name: rubros_pkey; Type: CONSTRAINT; Schema: public; Owner: postgres; Tablespace: 
--

ALTER TABLE ONLY emp_rubros
    ADD CONSTRAINT rubros_pkey PRIMARY KEY (id_rubro);


--
-- TOC entry 2327 (class 2606 OID 16943)
-- Dependencies: 199 199
-- Name: servicios_empresa_pkey; Type: CONSTRAINT; Schema: public; Owner: postgres; Tablespace: 
--

ALTER TABLE ONLY emp_servicios_empresas
    ADD CONSTRAINT servicios_empresa_pkey PRIMARY KEY (id_serv_emp);


--
-- TOC entry 2325 (class 2606 OID 16945)
-- Dependencies: 198 198
-- Name: servicios_pkey; Type: CONSTRAINT; Schema: public; Owner: postgres; Tablespace: 
--

ALTER TABLE ONLY emp_servicios
    ADD CONSTRAINT servicios_pkey PRIMARY KEY ("id_servicio ");


--
-- TOC entry 2329 (class 2606 OID 16947)
-- Dependencies: 200 200
-- Name: sucursales_pkey; Type: CONSTRAINT; Schema: public; Owner: postgres; Tablespace: 
--

ALTER TABLE ONLY emp_sucursales
    ADD CONSTRAINT sucursales_pkey PRIMARY KEY (id_sucursal);


--
-- TOC entry 2331 (class 2606 OID 16949)
-- Dependencies: 202 202
-- Name: tipo_competencias_pkey; Type: CONSTRAINT; Schema: public; Owner: postgres; Tablespace: 
--

ALTER TABLE ONLY emp_tipo_competencias
    ADD CONSTRAINT tipo_competencias_pkey PRIMARY KEY (id_tipo_competencia);


--
-- TOC entry 2333 (class 2606 OID 16951)
-- Dependencies: 203 203
-- Name: tipo_establecimiento_pkey; Type: CONSTRAINT; Schema: public; Owner: postgres; Tablespace: 
--

ALTER TABLE ONLY emp_tipo_establecimientos
    ADD CONSTRAINT tipo_establecimiento_pkey PRIMARY KEY (id_tipo_establecimiento);


--
-- TOC entry 2335 (class 2606 OID 16953)
-- Dependencies: 204 204
-- Name: tipo_formulario_pkey; Type: CONSTRAINT; Schema: public; Owner: postgres; Tablespace: 
--

ALTER TABLE ONLY emp_tipos_formularios
    ADD CONSTRAINT tipo_formulario_pkey PRIMARY KEY (id_tipo);


--
-- TOC entry 2337 (class 2606 OID 16955)
-- Dependencies: 205 205
-- Name: titulos_pkey; Type: CONSTRAINT; Schema: public; Owner: postgres; Tablespace: 
--

ALTER TABLE ONLY emp_titulos
    ADD CONSTRAINT titulos_pkey PRIMARY KEY (id_titulo);


--
-- TOC entry 2357 (class 2606 OID 16957)
-- Dependencies: 243 243
-- Name: ubicaciones_geograficas_pkey; Type: CONSTRAINT; Schema: public; Owner: postgres; Tablespace: 
--

ALTER TABLE ONLY ubicaciones_geograficas
    ADD CONSTRAINT ubicaciones_geograficas_pkey PRIMARY KEY (id_ubicacion_geografica);


--
-- TOC entry 2359 (class 2606 OID 16959)
-- Dependencies: 244 244
-- Name: usr_roles_pkey; Type: CONSTRAINT; Schema: public; Owner: postgres; Tablespace: 
--

ALTER TABLE ONLY usr_roles
    ADD CONSTRAINT usr_roles_pkey PRIMARY KEY (id_usr_rol);


--
-- TOC entry 2361 (class 2606 OID 16961)
-- Dependencies: 246 246
-- Name: usuarios_pkey; Type: CONSTRAINT; Schema: public; Owner: postgres; Tablespace: 
--

ALTER TABLE ONLY usuarios
    ADD CONSTRAINT usuarios_pkey PRIMARY KEY (id_usuario);


--
-- TOC entry 2459 (class 2606 OID 16967)
-- Dependencies: 167 224 2290
-- Name: fk_departamentos; Type: FK CONSTRAINT; Schema: public; Owner: postgres
--

ALTER TABLE ONLY personas
    ADD CONSTRAINT fk_departamentos FOREIGN KEY (id_departamento) REFERENCES departamentos(id_departamento);


--
-- TOC entry 2364 (class 2606 OID 16972)
-- Dependencies: 222 167 2346
-- Name: fk_dpto_paises; Type: FK CONSTRAINT; Schema: public; Owner: postgres
--

ALTER TABLE ONLY departamentos
    ADD CONSTRAINT fk_dpto_paises FOREIGN KEY (id_pais) REFERENCES paises(id_pais);


--
-- TOC entry 2465 (class 2606 OID 16977)
-- Dependencies: 2290 167 228
-- Name: fk_dpto_provincias; Type: FK CONSTRAINT; Schema: public; Owner: postgres
--

ALTER TABLE ONLY provincias
    ADD CONSTRAINT fk_dpto_provincias FOREIGN KEY (id_departamento) REFERENCES departamentos(id_departamento);


--
-- TOC entry 2365 (class 2606 OID 16982)
-- Dependencies: 167 2360 246
-- Name: fk_dpto_usuarios; Type: FK CONSTRAINT; Schema: public; Owner: postgres
--

ALTER TABLE ONLY departamentos
    ADD CONSTRAINT fk_dpto_usuarios FOREIGN KEY (ult_usuario) REFERENCES usuarios(id_usuario);


--
-- TOC entry 2377 (class 2606 OID 16987)
-- Dependencies: 224 2348 173
-- Name: fk_emp_personas; Type: FK CONSTRAINT; Schema: public; Owner: postgres
--

ALTER TABLE ONLY emp_empleados
    ADD CONSTRAINT fk_emp_personas FOREIGN KEY (id_persona) REFERENCES personas(id_persona);


--
-- TOC entry 2428 (class 2606 OID 16992)
-- Dependencies: 194 2318 192
-- Name: fk_emp_reuniones; Type: FK CONSTRAINT; Schema: public; Owner: postgres
--

ALTER TABLE ONLY emp_reuniones_empleados
    ADD CONSTRAINT fk_emp_reuniones FOREIGN KEY (id_reunion) REFERENCES emp_reuniones(id_reunion);


--
-- TOC entry 2378 (class 2606 OID 16997)
-- Dependencies: 173 2360 246
-- Name: fk_emp_usuarios; Type: FK CONSTRAINT; Schema: public; Owner: postgres
--

ALTER TABLE ONLY emp_empleados
    ADD CONSTRAINT fk_emp_usuarios FOREIGN KEY (ult_usuario) REFERENCES usuarios(id_usuario);


--
-- TOC entry 2451 (class 2606 OID 17002)
-- Dependencies: 2360 246 210
-- Name: fk_enlaces_usuarios; Type: FK CONSTRAINT; Schema: public; Owner: postgres
--

ALTER TABLE ONLY enlaces
    ADD CONSTRAINT fk_enlaces_usuarios FOREIGN KEY (ult_usuario) REFERENCES usuarios(id_usuario);


--
-- TOC entry 2467 (class 2606 OID 17007)
-- Dependencies: 2290 167 231
-- Name: fk_identificacion_dpto; Type: FK CONSTRAINT; Schema: public; Owner: postgres
--

ALTER TABLE ONLY prs_identificaciones
    ADD CONSTRAINT fk_identificacion_dpto FOREIGN KEY (id_departamento) REFERENCES departamentos(id_departamento);


--
-- TOC entry 2468 (class 2606 OID 17012)
-- Dependencies: 2360 246 231
-- Name: fk_identificacion_usr; Type: FK CONSTRAINT; Schema: public; Owner: postgres
--

ALTER TABLE ONLY prs_identificaciones
    ADD CONSTRAINT fk_identificacion_usr FOREIGN KEY (ult_usuario) REFERENCES usuarios(id_usuario);


--
-- TOC entry 2460 (class 2606 OID 17017)
-- Dependencies: 2352 231 224
-- Name: fk_identificaciones; Type: FK CONSTRAINT; Schema: public; Owner: postgres
--

ALTER TABLE ONLY personas
    ADD CONSTRAINT fk_identificaciones FOREIGN KEY (id_identificacion) REFERENCES prs_identificaciones(id_idenficacion);


--
-- TOC entry 2457 (class 2606 OID 17022)
-- Dependencies: 2340 219 216
-- Name: fk_localidad_municipios; Type: FK CONSTRAINT; Schema: public; Owner: postgres
--

ALTER TABLE ONLY municipios
    ADD CONSTRAINT fk_localidad_municipios FOREIGN KEY (id_localidad) REFERENCES localidades(id_localidad);


--
-- TOC entry 2452 (class 2606 OID 17027)
-- Dependencies: 228 216 2350
-- Name: fk_localidad_prv; Type: FK CONSTRAINT; Schema: public; Owner: postgres
--

ALTER TABLE ONLY localidades
    ADD CONSTRAINT fk_localidad_prv FOREIGN KEY (id_provincia) REFERENCES provincias(id_provincia);


--
-- TOC entry 2453 (class 2606 OID 17032)
-- Dependencies: 216 246 2360
-- Name: fk_localidad_usr; Type: FK CONSTRAINT; Schema: public; Owner: postgres
--

ALTER TABLE ONLY localidades
    ADD CONSTRAINT fk_localidad_usr FOREIGN KEY (ult_usuario) REFERENCES usuarios(id_usuario);


--
-- TOC entry 2461 (class 2606 OID 17037)
-- Dependencies: 224 216 2340
-- Name: fk_localidades; Type: FK CONSTRAINT; Schema: public; Owner: postgres
--

ALTER TABLE ONLY personas
    ADD CONSTRAINT fk_localidades FOREIGN KEY (id_localidad) REFERENCES localidades(id_localidad);


--
-- TOC entry 2454 (class 2606 OID 17042)
-- Dependencies: 217 2338 210
-- Name: fk_menu_enlace; Type: FK CONSTRAINT; Schema: public; Owner: postgres
--

ALTER TABLE ONLY menus
    ADD CONSTRAINT fk_menu_enlace FOREIGN KEY (id_enlace) REFERENCES enlaces(id_enlace);


--
-- TOC entry 2455 (class 2606 OID 17047)
-- Dependencies: 2354 234 217
-- Name: fk_menu_rol; Type: FK CONSTRAINT; Schema: public; Owner: postgres
--

ALTER TABLE ONLY menus
    ADD CONSTRAINT fk_menu_rol FOREIGN KEY (id_rol) REFERENCES roles(id_rol);


--
-- TOC entry 2456 (class 2606 OID 17052)
-- Dependencies: 217 2360 246
-- Name: fk_menu_usuario; Type: FK CONSTRAINT; Schema: public; Owner: postgres
--

ALTER TABLE ONLY menus
    ADD CONSTRAINT fk_menu_usuario FOREIGN KEY (ult_usuario) REFERENCES usuarios(id_usuario);


--
-- TOC entry 2462 (class 2606 OID 17057)
-- Dependencies: 224 2346 222
-- Name: fk_paises; Type: FK CONSTRAINT; Schema: public; Owner: postgres
--

ALTER TABLE ONLY personas
    ADD CONSTRAINT fk_paises FOREIGN KEY (id_pais) REFERENCES paises(id_pais);


--
-- TOC entry 2463 (class 2606 OID 17062)
-- Dependencies: 228 2350 224
-- Name: fk_provincias; Type: FK CONSTRAINT; Schema: public; Owner: postgres
--

ALTER TABLE ONLY personas
    ADD CONSTRAINT fk_provincias FOREIGN KEY (id_provincia) REFERENCES provincias(id_provincia);


--
-- TOC entry 2466 (class 2606 OID 17067)
-- Dependencies: 246 228 2360
-- Name: fk_provincias_usr; Type: FK CONSTRAINT; Schema: public; Owner: postgres
--

ALTER TABLE ONLY provincias
    ADD CONSTRAINT fk_provincias_usr FOREIGN KEY (ult_usuario) REFERENCES usuarios(id_usuario);


--
-- TOC entry 2425 (class 2606 OID 17072)
-- Dependencies: 193 2296 172
-- Name: fk_reuniones_empleadores; Type: FK CONSTRAINT; Schema: public; Owner: postgres
--

ALTER TABLE ONLY emp_reuniones_empleadores
    ADD CONSTRAINT fk_reuniones_empleadores FOREIGN KEY (id_empleador) REFERENCES emp_empleadores(id_empleador);


--
-- TOC entry 2429 (class 2606 OID 17077)
-- Dependencies: 173 194 2298
-- Name: fk_reuniones_empleados; Type: FK CONSTRAINT; Schema: public; Owner: postgres
--

ALTER TABLE ONLY emp_reuniones_empleados
    ADD CONSTRAINT fk_reuniones_empleados FOREIGN KEY (id_empleado) REFERENCES emp_empleados(id_empleado);


--
-- TOC entry 2423 (class 2606 OID 17082)
-- Dependencies: 224 2348 192
-- Name: fk_reuniones_persona; Type: FK CONSTRAINT; Schema: public; Owner: postgres
--

ALTER TABLE ONLY emp_reuniones
    ADD CONSTRAINT fk_reuniones_persona FOREIGN KEY (id_persona) REFERENCES personas(id_persona);


--
-- TOC entry 2426 (class 2606 OID 17087)
-- Dependencies: 193 192 2318
-- Name: fk_reuniones_reunion; Type: FK CONSTRAINT; Schema: public; Owner: postgres
--

ALTER TABLE ONLY emp_reuniones_empleadores
    ADD CONSTRAINT fk_reuniones_reunion FOREIGN KEY (id_reunion) REFERENCES emp_reuniones(id_reunion);


--
-- TOC entry 2427 (class 2606 OID 17092)
-- Dependencies: 246 2360 193
-- Name: fk_reuniones_usuarios; Type: FK CONSTRAINT; Schema: public; Owner: postgres
--

ALTER TABLE ONLY emp_reuniones_empleadores
    ADD CONSTRAINT fk_reuniones_usuarios FOREIGN KEY (ult_usuario) REFERENCES usuarios(id_usuario);


--
-- TOC entry 2430 (class 2606 OID 17097)
-- Dependencies: 194 2360 246
-- Name: fk_reuniones_usuarios; Type: FK CONSTRAINT; Schema: public; Owner: postgres
--

ALTER TABLE ONLY emp_reuniones_empleados
    ADD CONSTRAINT fk_reuniones_usuarios FOREIGN KEY (ult_usuario) REFERENCES usuarios(id_usuario);


--
-- TOC entry 2470 (class 2606 OID 17102)
-- Dependencies: 243 167 2290
-- Name: fk_ug_departamentos; Type: FK CONSTRAINT; Schema: public; Owner: postgres
--

ALTER TABLE ONLY ubicaciones_geograficas
    ADD CONSTRAINT fk_ug_departamentos FOREIGN KEY (id_departamento) REFERENCES departamentos(id_departamento);


--
-- TOC entry 2471 (class 2606 OID 17107)
-- Dependencies: 243 2298 173
-- Name: fk_ug_empleados; Type: FK CONSTRAINT; Schema: public; Owner: postgres
--

ALTER TABLE ONLY ubicaciones_geograficas
    ADD CONSTRAINT fk_ug_empleados FOREIGN KEY (id_empleado) REFERENCES emp_empleados(id_empleado);


--
-- TOC entry 2472 (class 2606 OID 17112)
-- Dependencies: 216 243 2340
-- Name: fk_ug_localidad; Type: FK CONSTRAINT; Schema: public; Owner: postgres
--

ALTER TABLE ONLY ubicaciones_geograficas
    ADD CONSTRAINT fk_ug_localidad FOREIGN KEY (id_localidad) REFERENCES localidades(id_localidad);


--
-- TOC entry 2473 (class 2606 OID 17117)
-- Dependencies: 2344 243 219
-- Name: fk_ug_municipios; Type: FK CONSTRAINT; Schema: public; Owner: postgres
--

ALTER TABLE ONLY ubicaciones_geograficas
    ADD CONSTRAINT fk_ug_municipios FOREIGN KEY (id_municipio) REFERENCES municipios(id_municipio);


--
-- TOC entry 2474 (class 2606 OID 17122)
-- Dependencies: 222 243 2346
-- Name: fk_ug_paises; Type: FK CONSTRAINT; Schema: public; Owner: postgres
--

ALTER TABLE ONLY ubicaciones_geograficas
    ADD CONSTRAINT fk_ug_paises FOREIGN KEY (id_pais) REFERENCES paises(id_pais);


--
-- TOC entry 2475 (class 2606 OID 17127)
-- Dependencies: 2350 228 243
-- Name: fk_ug_provincias; Type: FK CONSTRAINT; Schema: public; Owner: postgres
--

ALTER TABLE ONLY ubicaciones_geograficas
    ADD CONSTRAINT fk_ug_provincias FOREIGN KEY (id_provincia) REFERENCES provincias(id_provincia);


--
-- TOC entry 2476 (class 2606 OID 17132)
-- Dependencies: 243 2360 246
-- Name: fk_ug_usuarios; Type: FK CONSTRAINT; Schema: public; Owner: postgres
--

ALTER TABLE ONLY ubicaciones_geograficas
    ADD CONSTRAINT fk_ug_usuarios FOREIGN KEY (ult_usuario) REFERENCES usuarios(id_usuario);


--
-- TOC entry 2424 (class 2606 OID 17137)
-- Dependencies: 246 192 2360
-- Name: fk_ult_usuario; Type: FK CONSTRAINT; Schema: public; Owner: postgres
--

ALTER TABLE ONLY emp_reuniones
    ADD CONSTRAINT fk_ult_usuario FOREIGN KEY (ult_usuario) REFERENCES usuarios(id_usuario);


--
-- TOC entry 2477 (class 2606 OID 17142)
-- Dependencies: 244 234 2354
-- Name: fk_usr_roles; Type: FK CONSTRAINT; Schema: public; Owner: postgres
--

ALTER TABLE ONLY usr_roles
    ADD CONSTRAINT fk_usr_roles FOREIGN KEY (id_rol) REFERENCES roles(id_rol);


--
-- TOC entry 2478 (class 2606 OID 17147)
-- Dependencies: 244 2360 246
-- Name: fk_usr_ult; Type: FK CONSTRAINT; Schema: public; Owner: postgres
--

ALTER TABLE ONLY usr_roles
    ADD CONSTRAINT fk_usr_ult FOREIGN KEY (ult_usuario) REFERENCES usuarios(id_usuario);


--
-- TOC entry 2479 (class 2606 OID 17152)
-- Dependencies: 2360 244 246
-- Name: fk_usr_usuarios; Type: FK CONSTRAINT; Schema: public; Owner: postgres
--

ALTER TABLE ONLY usr_roles
    ADD CONSTRAINT fk_usr_usuarios FOREIGN KEY (id_usuario) REFERENCES usuarios(id_usuario);


--
-- TOC entry 2469 (class 2606 OID 17157)
-- Dependencies: 2360 246 234
-- Name: fk_usuario_rol; Type: FK CONSTRAINT; Schema: public; Owner: postgres
--

ALTER TABLE ONLY roles
    ADD CONSTRAINT fk_usuario_rol FOREIGN KEY (ult_usuario) REFERENCES usuarios(id_usuario);


--
-- TOC entry 2464 (class 2606 OID 17162)
-- Dependencies: 246 2360 224
-- Name: fk_usuarios; Type: FK CONSTRAINT; Schema: public; Owner: postgres
--

ALTER TABLE ONLY personas
    ADD CONSTRAINT fk_usuarios FOREIGN KEY (ult_usuario) REFERENCES usuarios(id_usuario);


--
-- TOC entry 2458 (class 2606 OID 17167)
-- Dependencies: 2360 246 222
-- Name: fk_usuarios_paises; Type: FK CONSTRAINT; Schema: public; Owner: postgres
--

ALTER TABLE ONLY paises
    ADD CONSTRAINT fk_usuarios_paises FOREIGN KEY (ult_usuario) REFERENCES usuarios(id_usuario);


--
-- TOC entry 2374 (class 2606 OID 17172)
-- Dependencies: 172 224 2348
-- Name: foreign_key01; Type: FK CONSTRAINT; Schema: public; Owner: postgres
--

ALTER TABLE ONLY emp_empleadores
    ADD CONSTRAINT foreign_key01 FOREIGN KEY (id_persona) REFERENCES personas(id_persona);


--
-- TOC entry 2432 (class 2606 OID 17177)
-- Dependencies: 2320 197 196
-- Name: foreign_key01; Type: FK CONSTRAINT; Schema: public; Owner: postgres
--

ALTER TABLE ONLY emp_rubros_empresas
    ADD CONSTRAINT foreign_key01 FOREIGN KEY (id_rubro) REFERENCES emp_rubros(id_rubro);


--
-- TOC entry 2419 (class 2606 OID 17182)
-- Dependencies: 2314 191 190
-- Name: foreign_key01; Type: FK CONSTRAINT; Schema: public; Owner: postgres
--

ALTER TABLE ONLY emp_productos_empresas
    ADD CONSTRAINT foreign_key01 FOREIGN KEY (id_producto) REFERENCES emp_productos(id_producto);


--
-- TOC entry 2436 (class 2606 OID 17187)
-- Dependencies: 2300 199 175
-- Name: foreign_key01; Type: FK CONSTRAINT; Schema: public; Owner: postgres
--

ALTER TABLE ONLY emp_servicios_empresas
    ADD CONSTRAINT foreign_key01 FOREIGN KEY (id_empresa) REFERENCES emp_empresas(id_empresa);


--
-- TOC entry 2379 (class 2606 OID 17192)
-- Dependencies: 174 2298 173
-- Name: foreign_key01; Type: FK CONSTRAINT; Schema: public; Owner: postgres
--

ALTER TABLE ONLY emp_empleados_empresas
    ADD CONSTRAINT foreign_key01 FOREIGN KEY (id_empleado) REFERENCES emp_empleados(id_empleado);


--
-- TOC entry 2368 (class 2606 OID 17197)
-- Dependencies: 170 2298 173
-- Name: foreign_key01; Type: FK CONSTRAINT; Schema: public; Owner: postgres
--

ALTER TABLE ONLY emp_detalles_competencias
    ADD CONSTRAINT foreign_key01 FOREIGN KEY (id_empleado) REFERENCES emp_empleados(id_empleado);


--
-- TOC entry 2395 (class 2606 OID 17202)
-- Dependencies: 179 204 2334
-- Name: foreign_key01; Type: FK CONSTRAINT; Schema: public; Owner: postgres
--

ALTER TABLE ONLY emp_formularios
    ADD CONSTRAINT foreign_key01 FOREIGN KEY (id_tipo) REFERENCES emp_tipos_formularios(id_tipo);


--
-- TOC entry 2391 (class 2606 OID 17207)
-- Dependencies: 173 178 2298
-- Name: foreign_key01; Type: FK CONSTRAINT; Schema: public; Owner: postgres
--

ALTER TABLE ONLY emp_experiencias_laborales
    ADD CONSTRAINT foreign_key01 FOREIGN KEY (id_empleado) REFERENCES emp_empleados(id_empleado);


--
-- TOC entry 2366 (class 2606 OID 17212)
-- Dependencies: 202 168 2330
-- Name: foreign_key01; Type: FK CONSTRAINT; Schema: public; Owner: postgres
--

ALTER TABLE ONLY emp_competencias
    ADD CONSTRAINT foreign_key01 FOREIGN KEY (id_tipo_competencia) REFERENCES emp_tipo_competencias(id_tipo_competencia);


--
-- TOC entry 2385 (class 2606 OID 17217)
-- Dependencies: 176 203 2332
-- Name: foreign_key01; Type: FK CONSTRAINT; Schema: public; Owner: postgres
--

ALTER TABLE ONLY emp_establecimientos
    ADD CONSTRAINT foreign_key01 FOREIGN KEY (id_tipo_est) REFERENCES emp_tipo_establecimientos(id_tipo_establecimiento);


--
-- TOC entry 2387 (class 2606 OID 17222)
-- Dependencies: 2298 173 177
-- Name: foreign_key01; Type: FK CONSTRAINT; Schema: public; Owner: postgres
--

ALTER TABLE ONLY emp_estudios_empleados
    ADD CONSTRAINT foreign_key01 FOREIGN KEY (id_empleado) REFERENCES emp_empleados(id_empleado);


--
-- TOC entry 2372 (class 2606 OID 17227)
-- Dependencies: 2348 171 224
-- Name: foreign_key01; Type: FK CONSTRAINT; Schema: public; Owner: postgres
--

ALTER TABLE ONLY emp_empadronadores
    ADD CONSTRAINT foreign_key01 FOREIGN KEY (id_persona) REFERENCES personas(id_persona);


--
-- TOC entry 2402 (class 2606 OID 17232)
-- Dependencies: 2288 165 182
-- Name: foreign_key01; Type: FK CONSTRAINT; Schema: public; Owner: postgres
--

ALTER TABLE ONLY emp_frm_cursos_capacitaciones
    ADD CONSTRAINT foreign_key01 FOREIGN KEY (id_curso_capacitacion) REFERENCES emp_cursos_capacitaciones(id_curso_capacitacion);


--
-- TOC entry 2405 (class 2606 OID 17237)
-- Dependencies: 186 183 2310
-- Name: foreign_key01; Type: FK CONSTRAINT; Schema: public; Owner: postgres
--

ALTER TABLE ONLY emp_frm_niveles_establecimientos
    ADD CONSTRAINT foreign_key01 FOREIGN KEY (id_nivel_formacion) REFERENCES emp_niveles_formaciones(id_nivel_formacion);


--
-- TOC entry 2408 (class 2606 OID 17242)
-- Dependencies: 2336 205 184
-- Name: foreign_key01; Type: FK CONSTRAINT; Schema: public; Owner: postgres
--

ALTER TABLE ONLY emp_frm_titulos
    ADD CONSTRAINT foreign_key01 FOREIGN KEY (id_titulo) REFERENCES emp_titulos(id_titulo);


--
-- TOC entry 2399 (class 2606 OID 17247)
-- Dependencies: 181 161 2284
-- Name: foreign_key01; Type: FK CONSTRAINT; Schema: public; Owner: postgres
--

ALTER TABLE ONLY emp_frm_cargos
    ADD CONSTRAINT foreign_key01 FOREIGN KEY (id_cargo) REFERENCES emp_cargos(id_cargo);


--
-- TOC entry 2440 (class 2606 OID 17252)
-- Dependencies: 175 200 2300
-- Name: foreign_key01; Type: FK CONSTRAINT; Schema: public; Owner: postgres
--

ALTER TABLE ONLY emp_sucursales
    ADD CONSTRAINT foreign_key01 FOREIGN KEY (id_empresa) REFERENCES emp_empresas(id_empresa);


--
-- TOC entry 2431 (class 2606 OID 17257)
-- Dependencies: 2360 196 246
-- Name: foreign_key01; Type: FK CONSTRAINT; Schema: public; Owner: postgres
--

ALTER TABLE ONLY emp_rubros
    ADD CONSTRAINT foreign_key01 FOREIGN KEY (ult_usuario) REFERENCES usuarios(id_usuario);


--
-- TOC entry 2384 (class 2606 OID 17262)
-- Dependencies: 2360 246 175
-- Name: foreign_key01; Type: FK CONSTRAINT; Schema: public; Owner: postgres
--

ALTER TABLE ONLY emp_empresas
    ADD CONSTRAINT foreign_key01 FOREIGN KEY (ult_usuario) REFERENCES usuarios(id_usuario);


--
-- TOC entry 2362 (class 2606 OID 17267)
-- Dependencies: 2360 246 161
-- Name: foreign_key01; Type: FK CONSTRAINT; Schema: public; Owner: postgres
--

ALTER TABLE ONLY emp_cargos
    ADD CONSTRAINT foreign_key01 FOREIGN KEY (ult_usuario) REFERENCES usuarios(id_usuario);


--
-- TOC entry 2363 (class 2606 OID 17272)
-- Dependencies: 165 2360 246
-- Name: foreign_key01; Type: FK CONSTRAINT; Schema: public; Owner: postgres
--

ALTER TABLE ONLY emp_cursos_capacitaciones
    ADD CONSTRAINT foreign_key01 FOREIGN KEY (ult_usuario) REFERENCES usuarios(id_usuario);


--
-- TOC entry 2411 (class 2606 OID 17277)
-- Dependencies: 185 246 2360
-- Name: foreign_key01; Type: FK CONSTRAINT; Schema: public; Owner: postgres
--

ALTER TABLE ONLY emp_instituciones
    ADD CONSTRAINT foreign_key01 FOREIGN KEY (ult_usuario) REFERENCES usuarios(id_usuario);


--
-- TOC entry 2412 (class 2606 OID 17282)
-- Dependencies: 186 246 2360
-- Name: foreign_key01; Type: FK CONSTRAINT; Schema: public; Owner: postgres
--

ALTER TABLE ONLY emp_niveles_formaciones
    ADD CONSTRAINT foreign_key01 FOREIGN KEY (ult_usuario) REFERENCES usuarios(id_usuario);


--
-- TOC entry 2418 (class 2606 OID 17287)
-- Dependencies: 190 246 2360
-- Name: foreign_key01; Type: FK CONSTRAINT; Schema: public; Owner: postgres
--

ALTER TABLE ONLY emp_productos
    ADD CONSTRAINT foreign_key01 FOREIGN KEY (ult_usuario) REFERENCES usuarios(id_usuario);


--
-- TOC entry 2435 (class 2606 OID 17292)
-- Dependencies: 198 246 2360
-- Name: foreign_key01; Type: FK CONSTRAINT; Schema: public; Owner: postgres
--

ALTER TABLE ONLY emp_servicios
    ADD CONSTRAINT foreign_key01 FOREIGN KEY (ult_usuario) REFERENCES usuarios(id_usuario);


--
-- TOC entry 2447 (class 2606 OID 17297)
-- Dependencies: 202 246 2360
-- Name: foreign_key01; Type: FK CONSTRAINT; Schema: public; Owner: postgres
--

ALTER TABLE ONLY emp_tipo_competencias
    ADD CONSTRAINT foreign_key01 FOREIGN KEY (ult_usuario) REFERENCES usuarios(id_usuario);


--
-- TOC entry 2448 (class 2606 OID 17302)
-- Dependencies: 203 246 2360
-- Name: foreign_key01; Type: FK CONSTRAINT; Schema: public; Owner: postgres
--

ALTER TABLE ONLY emp_tipo_establecimientos
    ADD CONSTRAINT foreign_key01 FOREIGN KEY (ult_usuario) REFERENCES usuarios(id_usuario);


--
-- TOC entry 2449 (class 2606 OID 17307)
-- Dependencies: 204 246 2360
-- Name: foreign_key01; Type: FK CONSTRAINT; Schema: public; Owner: postgres
--

ALTER TABLE ONLY emp_tipos_formularios
    ADD CONSTRAINT foreign_key01 FOREIGN KEY (ult_usuario) REFERENCES usuarios(id_usuario);


--
-- TOC entry 2450 (class 2606 OID 17312)
-- Dependencies: 205 246 2360
-- Name: foreign_key01; Type: FK CONSTRAINT; Schema: public; Owner: postgres
--

ALTER TABLE ONLY emp_titulos
    ADD CONSTRAINT foreign_key01 FOREIGN KEY (ult_usuario) REFERENCES usuarios(id_usuario);


--
-- TOC entry 2413 (class 2606 OID 17317)
-- Dependencies: 187 172 2296
-- Name: foreign_key01; Type: FK CONSTRAINT; Schema: public; Owner: postgres
--

ALTER TABLE ONLY emp_ofertas_laborales
    ADD CONSTRAINT foreign_key01 FOREIGN KEY (id_empleador) REFERENCES emp_empleadores(id_empleador);


--
-- TOC entry 2415 (class 2606 OID 17322)
-- Dependencies: 189 246 2360
-- Name: foreign_key01; Type: FK CONSTRAINT; Schema: public; Owner: postgres
--

ALTER TABLE ONLY emp_ofertas_rubros
    ADD CONSTRAINT foreign_key01 FOREIGN KEY (ult_usuario) REFERENCES usuarios(id_usuario);


--
-- TOC entry 2433 (class 2606 OID 17327)
-- Dependencies: 197 175 2300
-- Name: foreign_key02; Type: FK CONSTRAINT; Schema: public; Owner: postgres
--

ALTER TABLE ONLY emp_rubros_empresas
    ADD CONSTRAINT foreign_key02 FOREIGN KEY (id_empresa) REFERENCES emp_empresas(id_empresa);


--
-- TOC entry 2420 (class 2606 OID 17332)
-- Dependencies: 191 175 2300
-- Name: foreign_key02; Type: FK CONSTRAINT; Schema: public; Owner: postgres
--

ALTER TABLE ONLY emp_productos_empresas
    ADD CONSTRAINT foreign_key02 FOREIGN KEY (id_empresa) REFERENCES emp_empresas(id_empresa);


--
-- TOC entry 2437 (class 2606 OID 17337)
-- Dependencies: 199 198 2324
-- Name: foreign_key02; Type: FK CONSTRAINT; Schema: public; Owner: postgres
--

ALTER TABLE ONLY emp_servicios_empresas
    ADD CONSTRAINT foreign_key02 FOREIGN KEY (id_servicio) REFERENCES emp_servicios("id_servicio ");


--
-- TOC entry 2380 (class 2606 OID 17342)
-- Dependencies: 175 174 2300
-- Name: foreign_key02; Type: FK CONSTRAINT; Schema: public; Owner: postgres
--

ALTER TABLE ONLY emp_empleados_empresas
    ADD CONSTRAINT foreign_key02 FOREIGN KEY (id_empresa) REFERENCES emp_empresas(id_empresa);


--
-- TOC entry 2396 (class 2606 OID 17347)
-- Dependencies: 179 224 2348
-- Name: foreign_key02; Type: FK CONSTRAINT; Schema: public; Owner: postgres
--

ALTER TABLE ONLY emp_formularios
    ADD CONSTRAINT foreign_key02 FOREIGN KEY (id_persona) REFERENCES personas(id_persona);


--
-- TOC entry 2375 (class 2606 OID 17352)
-- Dependencies: 172 175 2300
-- Name: foreign_key02; Type: FK CONSTRAINT; Schema: public; Owner: postgres
--

ALTER TABLE ONLY emp_empleadores
    ADD CONSTRAINT foreign_key02 FOREIGN KEY (id_empresa) REFERENCES emp_empresas(id_empresa);


--
-- TOC entry 2392 (class 2606 OID 17357)
-- Dependencies: 178 175 2300
-- Name: foreign_key02; Type: FK CONSTRAINT; Schema: public; Owner: postgres
--

ALTER TABLE ONLY emp_experiencias_laborales
    ADD CONSTRAINT foreign_key02 FOREIGN KEY (id_empresa) REFERENCES emp_empresas(id_empresa);


--
-- TOC entry 2388 (class 2606 OID 17362)
-- Dependencies: 177 186 2310
-- Name: foreign_key02; Type: FK CONSTRAINT; Schema: public; Owner: postgres
--

ALTER TABLE ONLY emp_estudios_empleados
    ADD CONSTRAINT foreign_key02 FOREIGN KEY (id_nivel_frm) REFERENCES emp_niveles_formaciones(id_nivel_formacion);


--
-- TOC entry 2406 (class 2606 OID 17367)
-- Dependencies: 183 176 2302
-- Name: foreign_key02; Type: FK CONSTRAINT; Schema: public; Owner: postgres
--

ALTER TABLE ONLY emp_frm_niveles_establecimientos
    ADD CONSTRAINT foreign_key02 FOREIGN KEY (id_establecimiento) REFERENCES emp_establecimientos(id_establecimiento);


--
-- TOC entry 2409 (class 2606 OID 17372)
-- Dependencies: 184 179 2304
-- Name: foreign_key02; Type: FK CONSTRAINT; Schema: public; Owner: postgres
--

ALTER TABLE ONLY emp_frm_titulos
    ADD CONSTRAINT foreign_key02 FOREIGN KEY (id_formulario) REFERENCES emp_formularios(id_formulario);


--
-- TOC entry 2403 (class 2606 OID 17377)
-- Dependencies: 182 179 2304
-- Name: foreign_key02; Type: FK CONSTRAINT; Schema: public; Owner: postgres
--

ALTER TABLE ONLY emp_frm_cursos_capacitaciones
    ADD CONSTRAINT foreign_key02 FOREIGN KEY (id_formulario) REFERENCES emp_formularios(id_formulario);


--
-- TOC entry 2400 (class 2606 OID 17382)
-- Dependencies: 181 179 2304
-- Name: foreign_key02; Type: FK CONSTRAINT; Schema: public; Owner: postgres
--

ALTER TABLE ONLY emp_frm_cargos
    ADD CONSTRAINT foreign_key02 FOREIGN KEY (id_formulario) REFERENCES emp_formularios(id_formulario);


--
-- TOC entry 2373 (class 2606 OID 17387)
-- Dependencies: 171 246 2360
-- Name: foreign_key02; Type: FK CONSTRAINT; Schema: public; Owner: postgres
--

ALTER TABLE ONLY emp_empadronadores
    ADD CONSTRAINT foreign_key02 FOREIGN KEY (ult_usuario) REFERENCES usuarios(id_usuario);


--
-- TOC entry 2386 (class 2606 OID 17392)
-- Dependencies: 2360 176 246
-- Name: foreign_key02; Type: FK CONSTRAINT; Schema: public; Owner: postgres
--

ALTER TABLE ONLY emp_establecimientos
    ADD CONSTRAINT foreign_key02 FOREIGN KEY (ult_usuario) REFERENCES usuarios(id_usuario);


--
-- TOC entry 2367 (class 2606 OID 17397)
-- Dependencies: 168 2360 246
-- Name: foreign_key02; Type: FK CONSTRAINT; Schema: public; Owner: postgres
--

ALTER TABLE ONLY emp_competencias
    ADD CONSTRAINT foreign_key02 FOREIGN KEY (ult_usuario) REFERENCES usuarios(id_usuario);


--
-- TOC entry 2441 (class 2606 OID 17402)
-- Dependencies: 2346 222 200
-- Name: foreign_key02; Type: FK CONSTRAINT; Schema: public; Owner: postgres
--

ALTER TABLE ONLY emp_sucursales
    ADD CONSTRAINT foreign_key02 FOREIGN KEY (id_pais) REFERENCES paises(id_pais);


--
-- TOC entry 2414 (class 2606 OID 17407)
-- Dependencies: 187 2360 246
-- Name: foreign_key02; Type: FK CONSTRAINT; Schema: public; Owner: postgres
--

ALTER TABLE ONLY emp_ofertas_laborales
    ADD CONSTRAINT foreign_key02 FOREIGN KEY (ult_usuario) REFERENCES usuarios(id_usuario);


--
-- TOC entry 2416 (class 2606 OID 17412)
-- Dependencies: 2312 187 189
-- Name: foreign_key02; Type: FK CONSTRAINT; Schema: public; Owner: postgres
--

ALTER TABLE ONLY emp_ofertas_rubros
    ADD CONSTRAINT foreign_key02 FOREIGN KEY (id_oferta_laboral) REFERENCES emp_ofertas_laborales(id_oferta_laboral);


--
-- TOC entry 2369 (class 2606 OID 17417)
-- Dependencies: 2292 168 170
-- Name: foreign_key02; Type: FK CONSTRAINT; Schema: public; Owner: postgres
--

ALTER TABLE ONLY emp_detalles_competencias
    ADD CONSTRAINT foreign_key02 FOREIGN KEY (id_competencia) REFERENCES emp_competencias(id_competencia);


--
-- TOC entry 2421 (class 2606 OID 17422)
-- Dependencies: 2322 197 191
-- Name: foreign_key03; Type: FK CONSTRAINT; Schema: public; Owner: postgres
--

ALTER TABLE ONLY emp_productos_empresas
    ADD CONSTRAINT foreign_key03 FOREIGN KEY (id_rubro) REFERENCES emp_rubros_empresas(id_rubro_empresa);


--
-- TOC entry 2438 (class 2606 OID 17427)
-- Dependencies: 2322 197 199
-- Name: foreign_key03; Type: FK CONSTRAINT; Schema: public; Owner: postgres
--

ALTER TABLE ONLY emp_servicios_empresas
    ADD CONSTRAINT foreign_key03 FOREIGN KEY (id_rubro) REFERENCES emp_rubros_empresas(id_rubro_empresa);


--
-- TOC entry 2393 (class 2606 OID 17432)
-- Dependencies: 161 2284 178
-- Name: foreign_key03; Type: FK CONSTRAINT; Schema: public; Owner: postgres
--

ALTER TABLE ONLY emp_experiencias_laborales
    ADD CONSTRAINT foreign_key03 FOREIGN KEY (id_cargo) REFERENCES emp_cargos(id_cargo);


--
-- TOC entry 2370 (class 2606 OID 17437)
-- Dependencies: 170 185 2308
-- Name: foreign_key03; Type: FK CONSTRAINT; Schema: public; Owner: postgres
--

ALTER TABLE ONLY emp_detalles_competencias
    ADD CONSTRAINT foreign_key03 FOREIGN KEY (id_institucion) REFERENCES emp_instituciones(id_institucion);


--
-- TOC entry 2389 (class 2606 OID 17442)
-- Dependencies: 177 176 2302
-- Name: foreign_key03; Type: FK CONSTRAINT; Schema: public; Owner: postgres
--

ALTER TABLE ONLY emp_estudios_empleados
    ADD CONSTRAINT foreign_key03 FOREIGN KEY (id_establecimiento) REFERENCES emp_establecimientos(id_establecimiento);


--
-- TOC entry 2381 (class 2606 OID 17447)
-- Dependencies: 174 161 2284
-- Name: foreign_key03; Type: FK CONSTRAINT; Schema: public; Owner: postgres
--

ALTER TABLE ONLY emp_empleados_empresas
    ADD CONSTRAINT foreign_key03 FOREIGN KEY (id_cargo) REFERENCES emp_cargos(id_cargo);


--
-- TOC entry 2397 (class 2606 OID 17452)
-- Dependencies: 179 171 2294
-- Name: foreign_key03; Type: FK CONSTRAINT; Schema: public; Owner: postgres
--

ALTER TABLE ONLY emp_formularios
    ADD CONSTRAINT foreign_key03 FOREIGN KEY (id_empadronador) REFERENCES emp_empadronadores(id_empadronador);


--
-- TOC entry 2442 (class 2606 OID 17457)
-- Dependencies: 200 246 2360
-- Name: foreign_key03; Type: FK CONSTRAINT; Schema: public; Owner: postgres
--

ALTER TABLE ONLY emp_sucursales
    ADD CONSTRAINT foreign_key03 FOREIGN KEY (ult_usuario) REFERENCES usuarios(id_usuario);


--
-- TOC entry 2376 (class 2606 OID 17462)
-- Dependencies: 172 246 2360
-- Name: foreign_key03; Type: FK CONSTRAINT; Schema: public; Owner: postgres
--

ALTER TABLE ONLY emp_empleadores
    ADD CONSTRAINT foreign_key03 FOREIGN KEY (ult_usuario) REFERENCES usuarios(id_usuario);


--
-- TOC entry 2401 (class 2606 OID 17467)
-- Dependencies: 181 246 2360
-- Name: foreign_key03; Type: FK CONSTRAINT; Schema: public; Owner: postgres
--

ALTER TABLE ONLY emp_frm_cargos
    ADD CONSTRAINT foreign_key03 FOREIGN KEY (ult_usuario) REFERENCES usuarios(id_usuario);


--
-- TOC entry 2404 (class 2606 OID 17472)
-- Dependencies: 182 246 2360
-- Name: foreign_key03; Type: FK CONSTRAINT; Schema: public; Owner: postgres
--

ALTER TABLE ONLY emp_frm_cursos_capacitaciones
    ADD CONSTRAINT foreign_key03 FOREIGN KEY (ult_usuario) REFERENCES usuarios(id_usuario);


--
-- TOC entry 2407 (class 2606 OID 17477)
-- Dependencies: 183 246 2360
-- Name: foreign_key03; Type: FK CONSTRAINT; Schema: public; Owner: postgres
--

ALTER TABLE ONLY emp_frm_niveles_establecimientos
    ADD CONSTRAINT foreign_key03 FOREIGN KEY (ult_usuario) REFERENCES usuarios(id_usuario);


--
-- TOC entry 2410 (class 2606 OID 17482)
-- Dependencies: 184 246 2360
-- Name: foreign_key03; Type: FK CONSTRAINT; Schema: public; Owner: postgres
--

ALTER TABLE ONLY emp_frm_titulos
    ADD CONSTRAINT foreign_key03 FOREIGN KEY (ult_usuario) REFERENCES usuarios(id_usuario);


--
-- TOC entry 2434 (class 2606 OID 17487)
-- Dependencies: 197 246 2360
-- Name: foreign_key03; Type: FK CONSTRAINT; Schema: public; Owner: postgres
--

ALTER TABLE ONLY emp_rubros_empresas
    ADD CONSTRAINT foreign_key03 FOREIGN KEY (ult_usuario) REFERENCES usuarios(id_usuario);


--
-- TOC entry 2417 (class 2606 OID 17492)
-- Dependencies: 189 196 2320
-- Name: foreign_key03; Type: FK CONSTRAINT; Schema: public; Owner: postgres
--

ALTER TABLE ONLY emp_ofertas_rubros
    ADD CONSTRAINT foreign_key03 FOREIGN KEY (id_rubro) REFERENCES emp_rubros(id_rubro);


--
-- TOC entry 2382 (class 2606 OID 17497)
-- Dependencies: 174 186 2310
-- Name: foreign_key04; Type: FK CONSTRAINT; Schema: public; Owner: postgres
--

ALTER TABLE ONLY emp_empleados_empresas
    ADD CONSTRAINT foreign_key04 FOREIGN KEY (id_nivel_frm) REFERENCES emp_niveles_formaciones(id_nivel_formacion);


--
-- TOC entry 2371 (class 2606 OID 17502)
-- Dependencies: 170 246 2360
-- Name: foreign_key04; Type: FK CONSTRAINT; Schema: public; Owner: postgres
--

ALTER TABLE ONLY emp_detalles_competencias
    ADD CONSTRAINT foreign_key04 FOREIGN KEY (ult_usuario) REFERENCES usuarios(id_usuario);


--
-- TOC entry 2390 (class 2606 OID 17507)
-- Dependencies: 177 246 2360
-- Name: foreign_key04; Type: FK CONSTRAINT; Schema: public; Owner: postgres
--

ALTER TABLE ONLY emp_estudios_empleados
    ADD CONSTRAINT foreign_key04 FOREIGN KEY (ult_usuario) REFERENCES usuarios(id_usuario);


--
-- TOC entry 2394 (class 2606 OID 17512)
-- Dependencies: 178 246 2360
-- Name: foreign_key04; Type: FK CONSTRAINT; Schema: public; Owner: postgres
--

ALTER TABLE ONLY emp_experiencias_laborales
    ADD CONSTRAINT foreign_key04 FOREIGN KEY (ult_usuario) REFERENCES usuarios(id_usuario);


--
-- TOC entry 2398 (class 2606 OID 17517)
-- Dependencies: 179 246 2360
-- Name: foreign_key04; Type: FK CONSTRAINT; Schema: public; Owner: postgres
--

ALTER TABLE ONLY emp_formularios
    ADD CONSTRAINT foreign_key04 FOREIGN KEY (ult_usuario) REFERENCES usuarios(id_usuario);


--
-- TOC entry 2422 (class 2606 OID 17522)
-- Dependencies: 2360 191 246
-- Name: foreign_key04; Type: FK CONSTRAINT; Schema: public; Owner: postgres
--

ALTER TABLE ONLY emp_productos_empresas
    ADD CONSTRAINT foreign_key04 FOREIGN KEY (ult_usuario) REFERENCES usuarios(id_usuario);


--
-- TOC entry 2439 (class 2606 OID 17527)
-- Dependencies: 246 199 2360
-- Name: foreign_key04; Type: FK CONSTRAINT; Schema: public; Owner: postgres
--

ALTER TABLE ONLY emp_servicios_empresas
    ADD CONSTRAINT foreign_key04 FOREIGN KEY (ult_usuario) REFERENCES usuarios(id_usuario);


--
-- TOC entry 2443 (class 2606 OID 17532)
-- Dependencies: 200 167 2290
-- Name: foreign_key04; Type: FK CONSTRAINT; Schema: public; Owner: postgres
--

ALTER TABLE ONLY emp_sucursales
    ADD CONSTRAINT foreign_key04 FOREIGN KEY (id_departamento) REFERENCES departamentos(id_departamento);


--
-- TOC entry 2383 (class 2606 OID 17537)
-- Dependencies: 174 246 2360
-- Name: foreign_key05; Type: FK CONSTRAINT; Schema: public; Owner: postgres
--

ALTER TABLE ONLY emp_empleados_empresas
    ADD CONSTRAINT foreign_key05 FOREIGN KEY (ult_usuario) REFERENCES usuarios(id_usuario);


--
-- TOC entry 2444 (class 2606 OID 17542)
-- Dependencies: 228 200 2350
-- Name: foreign_key05; Type: FK CONSTRAINT; Schema: public; Owner: postgres
--

ALTER TABLE ONLY emp_sucursales
    ADD CONSTRAINT foreign_key05 FOREIGN KEY (id_provincia) REFERENCES provincias(id_provincia);


--
-- TOC entry 2445 (class 2606 OID 17547)
-- Dependencies: 216 200 2340
-- Name: foreign_key06; Type: FK CONSTRAINT; Schema: public; Owner: postgres
--

ALTER TABLE ONLY emp_sucursales
    ADD CONSTRAINT foreign_key06 FOREIGN KEY (id_localidad) REFERENCES localidades(id_localidad);


--
-- TOC entry 2446 (class 2606 OID 17552)
-- Dependencies: 219 200 2344
-- Name: foreign_key07; Type: FK CONSTRAINT; Schema: public; Owner: postgres
--

ALTER TABLE ONLY emp_sucursales
    ADD CONSTRAINT foreign_key07 FOREIGN KEY (id_municipio) REFERENCES municipios(id_municipio);


--
-- TOC entry 2533 (class 0 OID 0)
-- Dependencies: 6
-- Name: public; Type: ACL; Schema: -; Owner: postgres
--

REVOKE ALL ON SCHEMA public FROM PUBLIC;
REVOKE ALL ON SCHEMA public FROM postgres;
GRANT ALL ON SCHEMA public TO postgres;
GRANT ALL ON SCHEMA public TO PUBLIC;


-- Completed on 2012-07-19 19:41:29

--
-- PostgreSQL database dump complete
--

